path,label,source,cluster
data/raw/nlm/montgomery/CXR_png/MCUCXR_0001_0.png,0,montgomery,4200
data/raw/nlm/montgomery/CXR_png/MCUCXR_0002_0.png,0,montgomery,4201
data/raw/nlm/montgomery/CXR_png/MCUCXR_0003_0.png,0,montgomery,4202
data/raw/nlm/montgomery/CXR_png/MCUCXR_0004_0.png,0,montgomery,4203
data/raw/nlm/montgomery/CXR_png/MCUCXR_0005_0.png,0,montgomery,4204
data/raw/nlm/montgomery/CXR_png/MCUCXR_0006_0.png,0,montgomery,4205
data/raw/nlm/montgomery/CXR_png/MCUCXR_0008_0.png,0,montgomery,4206
data/raw/nlm/montgomery/CXR_png/MCUCXR_0011_0.png,0,montgomery,4207
data/raw/nlm/montgomery/CXR_png/MCUCXR_0013_0.png,0,montgomery,4208
data/raw/nlm/montgomery/CXR_png/MCUCXR_0015_0.png,0,montgomery,4209
data/raw/nlm/montgomery/CXR_png/MCUCXR_0016_0.png,0,montgomery,4210
data/raw/nlm/montgomery/CXR_png/MCUCXR_0017_0.png,0,montgomery,4211
data/raw/nlm/montgomery/CXR_png/MCUCXR_0019_0.png,0,montgomery,4212
data/raw/nlm/montgomery/CXR_png/MCUCXR_0020_0.png,0,montgomery,4213
data/raw/nlm/montgomery/CXR_png/MCUCXR_0021_0.png,0,montgomery,4214
data/raw/nlm/montgomery/CXR_png/MCUCXR_0022_0.png,0,montgomery,4215
data/raw/nlm/montgomery/CXR_png/MCUCXR_0023_0.png,0,montgomery,4216
data/raw/nlm/montgomery/CXR_png/MCUCXR_0024_0.png,0,montgomery,4217
data/raw/nlm/montgomery/CXR_png/MCUCXR_0026_0.png,0,montgomery,4218
data/raw/nlm/montgomery/CXR_png/MCUCXR_0027_0.png,0,montgomery,4219
data/raw/nlm/montgomery/CXR_png/MCUCXR_0028_0.png,0,montgomery,4220
data/raw/nlm/montgomery/CXR_png/MCUCXR_0029_0.png,0,montgomery,4221
data/raw/nlm/montgomery/CXR_png/MCUCXR_0030_0.png,0,montgomery,4222
data/raw/nlm/montgomery/CXR_png/MCUCXR_0031_0.png,0,montgomery,4223
data/raw/nlm/montgomery/CXR_png/MCUCXR_0035_0.png,0,montgomery,4224
data/raw/nlm/montgomery/CXR_png/MCUCXR_0038_0.png,0,montgomery,4225
data/raw/nlm/montgomery/CXR_png/MCUCXR_0040_0.png,0,montgomery,4226
data/raw/nlm/montgomery/CXR_png/MCUCXR_0041_0.png,0,montgomery,4227
data/raw/nlm/montgomery/CXR_png/MCUCXR_0042_0.png,0,montgomery,4228
data/raw/nlm/montgomery/CXR_png/MCUCXR_0043_0.png,0,montgomery,4229
data/raw/nlm/montgomery/CXR_png/MCUCXR_0044_0.png,0,montgomery,4230
data/raw/nlm/montgomery/CXR_png/MCUCXR_0045_0.png,0,montgomery,4231
data/raw/nlm/montgomery/CXR_png/MCUCXR_0046_0.png,0,montgomery,4232
data/raw/nlm/montgomery/CXR_png/MCUCXR_0047_0.png,0,montgomery,4233
data/raw/nlm/montgomery/CXR_png/MCUCXR_0048_0.png,0,montgomery,4234
data/raw/nlm/montgomery/CXR_png/MCUCXR_0049_0.png,0,montgomery,4235
data/raw/nlm/montgomery/CXR_png/MCUCXR_0051_0.png,0,montgomery,4236
data/raw/nlm/montgomery/CXR_png/MCUCXR_0052_0.png,0,montgomery,4237
data/raw/nlm/montgomery/CXR_png/MCUCXR_0053_0.png,0,montgomery,4238
data/raw/nlm/montgomery/CXR_png/MCUCXR_0054_0.png,0,montgomery,4239
data/raw/nlm/montgomery/CXR_png/MCUCXR_0055_0.png,0,montgomery,4240
data/raw/nlm/montgomery/CXR_png/MCUCXR_0056_0.png,0,montgomery,4241
data/raw/nlm/montgomery/CXR_png/MCUCXR_0057_0.png,0,montgomery,4242
data/raw/nlm/montgomery/CXR_png/MCUCXR_0058_0.png,0,montgomery,4243
data/raw/nlm/montgomery/CXR_png/MCUCXR_0059_0.png,0,montgomery,4244
data/raw/nlm/montgomery/CXR_png/MCUCXR_0060_0.png,0,montgomery,4245
data/raw/nlm/montgomery/CXR_png/MCUCXR_0061_0.png,0,montgomery,4246
data/raw/nlm/montgomery/CXR_png/MCUCXR_0062_0.png,0,montgomery,4247
data/raw/nlm/montgomery/CXR_png/MCUCXR_0063_0.png,0,montgomery,4248
data/raw/nlm/montgomery/CXR_png/MCUCXR_0064_0.png,0,montgomery,4249
data/raw/nlm/montgomery/CXR_png/MCUCXR_0068_0.png,0,montgomery,4250
data/raw/nlm/montgomery/CXR_png/MCUCXR_0069_0.png,0,montgomery,4251
data/raw/nlm/montgomery/CXR_png/MCUCXR_0070_0.png,0,montgomery,4252
data/raw/nlm/montgomery/CXR_png/MCUCXR_0071_0.png,0,montgomery,4253
data/raw/nlm/montgomery/CXR_png/MCUCXR_0072_0.png,0,montgomery,4254
data/raw/nlm/montgomery/CXR_png/MCUCXR_0074_0.png,0,montgomery,4255
data/raw/nlm/montgomery/CXR_png/MCUCXR_0075_0.png,0,montgomery,4256
data/raw/nlm/montgomery/CXR_png/MCUCXR_0077_0.png,0,montgomery,4257
data/raw/nlm/montgomery/CXR_png/MCUCXR_0079_0.png,0,montgomery,4258
data/raw/nlm/montgomery/CXR_png/MCUCXR_0080_0.png,0,montgomery,4259
data/raw/nlm/montgomery/CXR_png/MCUCXR_0081_0.png,0,montgomery,4260
data/raw/nlm/montgomery/CXR_png/MCUCXR_0082_0.png,0,montgomery,4261
data/raw/nlm/montgomery/CXR_png/MCUCXR_0083_0.png,0,montgomery,4262
data/raw/nlm/montgomery/CXR_png/MCUCXR_0084_0.png,0,montgomery,4263
data/raw/nlm/montgomery/CXR_png/MCUCXR_0085_0.png,0,montgomery,4264
data/raw/nlm/montgomery/CXR_png/MCUCXR_0086_0.png,0,montgomery,4265
data/raw/nlm/montgomery/CXR_png/MCUCXR_0087_0.png,0,montgomery,4266
data/raw/nlm/montgomery/CXR_png/MCUCXR_0089_0.png,0,montgomery,4267
data/raw/nlm/montgomery/CXR_png/MCUCXR_0090_0.png,0,montgomery,4268
data/raw/nlm/montgomery/CXR_png/MCUCXR_0091_0.png,0,montgomery,4269
data/raw/nlm/montgomery/CXR_png/MCUCXR_0092_0.png,0,montgomery,4270
data/raw/nlm/montgomery/CXR_png/MCUCXR_0094_0.png,0,montgomery,4271
data/raw/nlm/montgomery/CXR_png/MCUCXR_0095_0.png,0,montgomery,4272
data/raw/nlm/montgomery/CXR_png/MCUCXR_0096_0.png,0,montgomery,4273
data/raw/nlm/montgomery/CXR_png/MCUCXR_0097_0.png,0,montgomery,4274
data/raw/nlm/montgomery/CXR_png/MCUCXR_0099_0.png,0,montgomery,4275
data/raw/nlm/montgomery/CXR_png/MCUCXR_0100_0.png,0,montgomery,4276
data/raw/nlm/montgomery/CXR_png/MCUCXR_0101_0.png,0,montgomery,4277
data/raw/nlm/montgomery/CXR_png/MCUCXR_0102_0.png,0,montgomery,4278
data/raw/nlm/montgomery/CXR_png/MCUCXR_0103_0.png,0,montgomery,4279
data/raw/nlm/montgomery/CXR_png/MCUCXR_0104_1.png,1,montgomery,4280
data/raw/nlm/montgomery/CXR_png/MCUCXR_0108_1.png,1,montgomery,4281
data/raw/nlm/montgomery/CXR_png/MCUCXR_0113_1.png,1,montgomery,4282
data/raw/nlm/montgomery/CXR_png/MCUCXR_0117_1.png,1,montgomery,4283
data/raw/nlm/montgomery/CXR_png/MCUCXR_0126_1.png,1,montgomery,4284
data/raw/nlm/montgomery/CXR_png/MCUCXR_0140_1.png,1,montgomery,4285
data/raw/nlm/montgomery/CXR_png/MCUCXR_0141_1.png,1,montgomery,4286
data/raw/nlm/montgomery/CXR_png/MCUCXR_0142_1.png,1,montgomery,4287
data/raw/nlm/montgomery/CXR_png/MCUCXR_0144_1.png,1,montgomery,4288
data/raw/nlm/montgomery/CXR_png/MCUCXR_0150_1.png,1,montgomery,4289
data/raw/nlm/montgomery/CXR_png/MCUCXR_0162_1.png,1,montgomery,4290
data/raw/nlm/montgomery/CXR_png/MCUCXR_0166_1.png,1,montgomery,4291
data/raw/nlm/montgomery/CXR_png/MCUCXR_0170_1.png,1,montgomery,4292
data/raw/nlm/montgomery/CXR_png/MCUCXR_0173_1.png,1,montgomery,4293
data/raw/nlm/montgomery/CXR_png/MCUCXR_0182_1.png,1,montgomery,4294
data/raw/nlm/montgomery/CXR_png/MCUCXR_0188_1.png,1,montgomery,4295
data/raw/nlm/montgomery/CXR_png/MCUCXR_0194_1.png,1,montgomery,4296
data/raw/nlm/montgomery/CXR_png/MCUCXR_0195_1.png,1,montgomery,4297
data/raw/nlm/montgomery/CXR_png/MCUCXR_0196_1.png,1,montgomery,4298
data/raw/nlm/montgomery/CXR_png/MCUCXR_0203_1.png,1,montgomery,4299
data/raw/nlm/montgomery/CXR_png/MCUCXR_0213_1.png,1,montgomery,4300
data/raw/nlm/montgomery/CXR_png/MCUCXR_0218_1.png,1,montgomery,4301
data/raw/nlm/montgomery/CXR_png/MCUCXR_0223_1.png,1,montgomery,4302
data/raw/nlm/montgomery/CXR_png/MCUCXR_0228_1.png,1,montgomery,4303
data/raw/nlm/montgomery/CXR_png/MCUCXR_0243_1.png,1,montgomery,4304
data/raw/nlm/montgomery/CXR_png/MCUCXR_0251_1.png,1,montgomery,4305
data/raw/nlm/montgomery/CXR_png/MCUCXR_0253_1.png,1,montgomery,4306
data/raw/nlm/montgomery/CXR_png/MCUCXR_0254_1.png,1,montgomery,4307
data/raw/nlm/montgomery/CXR_png/MCUCXR_0255_1.png,1,montgomery,4308
data/raw/nlm/montgomery/CXR_png/MCUCXR_0258_1.png,1,montgomery,4309
data/raw/nlm/montgomery/CXR_png/MCUCXR_0264_1.png,1,montgomery,4310
data/raw/nlm/montgomery/CXR_png/MCUCXR_0266_1.png,1,montgomery,4311
data/raw/nlm/montgomery/CXR_png/MCUCXR_0275_1.png,1,montgomery,4312
data/raw/nlm/montgomery/CXR_png/MCUCXR_0282_1.png,1,montgomery,4313
data/raw/nlm/montgomery/CXR_png/MCUCXR_0289_1.png,1,montgomery,4314
data/raw/nlm/montgomery/CXR_png/MCUCXR_0294_1.png,1,montgomery,4315
data/raw/nlm/montgomery/CXR_png/MCUCXR_0301_1.png,1,montgomery,4316
data/raw/nlm/montgomery/CXR_png/MCUCXR_0309_1.png,1,montgomery,4317
data/raw/nlm/montgomery/CXR_png/MCUCXR_0311_1.png,1,montgomery,4318
data/raw/nlm/montgomery/CXR_png/MCUCXR_0313_1.png,1,montgomery,4319
data/raw/nlm/montgomery/CXR_png/MCUCXR_0316_1.png,1,montgomery,4320
data/raw/nlm/montgomery/CXR_png/MCUCXR_0331_1.png,1,montgomery,4321
data/raw/nlm/montgomery/CXR_png/MCUCXR_0334_1.png,1,montgomery,4322
data/raw/nlm/montgomery/CXR_png/MCUCXR_0338_1.png,1,montgomery,4323
data/raw/nlm/montgomery/CXR_png/MCUCXR_0348_1.png,1,montgomery,4324
data/raw/nlm/montgomery/CXR_png/MCUCXR_0350_1.png,1,montgomery,4325
data/raw/nlm/montgomery/CXR_png/MCUCXR_0352_1.png,1,montgomery,4326
data/raw/nlm/montgomery/CXR_png/MCUCXR_0354_1.png,1,montgomery,4327
data/raw/nlm/montgomery/CXR_png/MCUCXR_0362_1.png,1,montgomery,4328
data/raw/nlm/montgomery/CXR_png/MCUCXR_0367_1.png,1,montgomery,4329
data/raw/nlm/montgomery/CXR_png/MCUCXR_0369_1.png,1,montgomery,4330
data/raw/nlm/montgomery/CXR_png/MCUCXR_0372_1.png,1,montgomery,4331
data/raw/nlm/montgomery/CXR_png/MCUCXR_0375_1.png,1,montgomery,4332
data/raw/nlm/montgomery/CXR_png/MCUCXR_0383_1.png,1,montgomery,4333
data/raw/nlm/montgomery/CXR_png/MCUCXR_0387_1.png,1,montgomery,4334
data/raw/nlm/montgomery/CXR_png/MCUCXR_0390_1.png,1,montgomery,4335
data/raw/nlm/montgomery/CXR_png/MCUCXR_0393_1.png,1,montgomery,4336
data/raw/nlm/montgomery/CXR_png/MCUCXR_0399_1.png,1,montgomery,4337
data/raw/nlm/shenzhen/CXR_png/CHNCXR_0001_0.png,0,shenzhen,4338
data/raw/nlm/shenzhen/CXR_png/CHNCXR_0002_0.png,0,shenzhen,4339
data/raw/nlm/shenzhen/CXR_png/CHNCXR_0003_0.png,0,shenzhen,4340
data/raw/nlm/shenzhen/CXR_png/CHNCXR_0004_0.png,0,shenzhen,4341
data/raw/nlm/shenzhen/CXR_png/CHNCXR_0005_0.png,0,shenzhen,4342
data/raw/nlm/shenzhen/CXR_png/CHNCXR_0006_0.png,0,shenzhen,4343
data/raw/nlm/shenzhen/CXR_png/CHNCXR_0007_0.png,0,shenzhen,4344
data/raw/nlm/shenzhen/CXR_png/CHNCXR_0008_0.png,0,shenzhen,4345
data/raw/nlm/shenzhen/CXR_png/CHNCXR_0009_0.png,0,shenzhen,4346
data/raw/nlm/shenzhen/CXR_png/CHNCXR_0010_0.png,0,shenzhen,4347
data/raw/nlm/shenzhen/CXR_png/CHNCXR_0011_0.png,0,shenzhen,4348
data/raw/nlm/shenzhen/CXR_png/CHNCXR_0012_0.png,0,shenzhen,4349
data/raw/nlm/shenzhen/CXR_png/CHNCXR_0013_0.png,0,shenzhen,4350
data/raw/nlm/shenzhen/CXR_png/CHNCXR_0014_0.png,0,shenzhen,4351
data/raw/nlm/shenzhen/CXR_png/CHNCXR_0015_0.png,0,shenzhen,4352
data/raw/nlm/shenzhen/CXR_png/CHNCXR_0016_0.png,0,shenzhen,4353
data/raw/nlm/shenzhen/CXR_png/CHNCXR_0017_0.png,0,shenzhen,4354
data/raw/nlm/shenzhen/CXR_png/CHNCXR_0018_0.png,0,shenzhen,4355
data/raw/nlm/shenzhen/CXR_png/CHNCXR_0019_0.png,0,shenzhen,4356
data/raw/nlm/shenzhen/CXR_png/CHNCXR_0020_0.png,0,shenzhen,4357
data/raw/nlm/shenzhen/CXR_png/CHNCXR_0021_0.png,0,shenzhen,4358
data/raw/nlm/shenzhen/CXR_png/CHNCXR_0022_0.png,0,shenzhen,4359
data/raw/nlm/shenzhen/CXR_png/CHNCXR_0023_0.png,0,shenzhen,4360
data/raw/nlm/shenzhen/CXR_png/CHNCXR_0024_0.png,0,shenzhen,4361
data/raw/nlm/shenzhen/CXR_png/CHNCXR_0025_0.png,0,shenzhen,4362
data/raw/nlm/shenzhen/CXR_png/CHNCXR_0026_0.png,0,shenzhen,4363
data/raw/nlm/shenzhen/CXR_png/CHNCXR_0027_0.png,0,shenzhen,4364
data/raw/nlm/shenzhen/CXR_png/CHNCXR_0028_0.png,0,shenzhen,4365
data/raw/nlm/shenzhen/CXR_png/CHNCXR_0029_0.png,0,shenzhen,4366
data/raw/nlm/shenzhen/CXR_png/CHNCXR_0030_0.png,0,shenzhen,4367
data/raw/nlm/shenzhen/CXR_png/CHNCXR_0031_0.png,0,shenzhen,4368
data/raw/nlm/shenzhen/CXR_png/CHNCXR_0032_0.png,0,shenzhen,4369
data/raw/nlm/shenzhen/CXR_png/CHNCXR_0033_0.png,0,shenzhen,4370
data/raw/nlm/shenzhen/CXR_png/CHNCXR_0034_0.png,0,shenzhen,4371
data/raw/nlm/shenzhen/CXR_png/CHNCXR_0035_0.png,0,shenzhen,4372
data/raw/nlm/shenzhen/CXR_png/CHNCXR_0036_0.png,0,shenzhen,4373
data/raw/nlm/shenzhen/CXR_png/CHNCXR_0037_0.png,0,shenzhen,4374
data/raw/nlm/shenzhen/CXR_png/CHNCXR_0038_0.png,0,shenzhen,4375
data/raw/nlm/shenzhen/CXR_png/CHNCXR_0039_0.png,0,shenzhen,4376
data/raw/nlm/shenzhen/CXR_png/CHNCXR_0040_0.png,0,shenzhen,4377
data/raw/nlm/shenzhen/CXR_png/CHNCXR_0041_0.png,0,shenzhen,4378
data/raw/nlm/shenzhen/CXR_png/CHNCXR_0042_0.png,0,shenzhen,4379
data/raw/nlm/shenzhen/CXR_png/CHNCXR_0043_0.png,0,shenzhen,4380
data/raw/nlm/shenzhen/CXR_png/CHNCXR_0044_0.png,0,shenzhen,4381
data/raw/nlm/shenzhen/CXR_png/CHNCXR_0045_0.png,0,shenzhen,4382
data/raw/nlm/shenzhen/CXR_png/CHNCXR_0046_0.png,0,shenzhen,4383
data/raw/nlm/shenzhen/CXR_png/CHNCXR_0047_0.png,0,shenzhen,4384
data/raw/nlm/shenzhen/CXR_png/CHNCXR_0048_0.png,0,shenzhen,4385
data/raw/nlm/shenzhen/CXR_png/CHNCXR_0049_0.png,0,shenzhen,4386
data/raw/nlm/shenzhen/CXR_png/CHNCXR_0050_0.png,0,shenzhen,4387
data/raw/nlm/shenzhen/CXR_png/CHNCXR_0051_0.png,0,shenzhen,4388
data/raw/nlm/shenzhen/CXR_png/CHNCXR_0052_0.png,0,shenzhen,4389
data/raw/nlm/shenzhen/CXR_png/CHNCXR_0053_0.png,0,shenzhen,4390
data/raw/nlm/shenzhen/CXR_png/CHNCXR_0054_0.png,0,shenzhen,4391
data/raw/nlm/shenzhen/CXR_png/CHNCXR_0055_0.png,0,shenzhen,4392
data/raw/nlm/shenzhen/CXR_png/CHNCXR_0056_0.png,0,shenzhen,6601
data/raw/nlm/shenzhen/CXR_png/CHNCXR_0057_0.png,0,shenzhen,4394
data/raw/nlm/shenzhen/CXR_png/CHNCXR_0058_0.png,0,shenzhen,4395
data/raw/nlm/shenzhen/CXR_png/CHNCXR_0059_0.png,0,shenzhen,4396
data/raw/nlm/shenzhen/CXR_png/CHNCXR_0060_0.png,0,shenzhen,4397
data/raw/nlm/shenzhen/CXR_png/CHNCXR_0061_0.png,0,shenzhen,4398
data/raw/nlm/shenzhen/CXR_png/CHNCXR_0062_0.png,0,shenzhen,4399
data/raw/nlm/shenzhen/CXR_png/CHNCXR_0063_0.png,0,shenzhen,4400
data/raw/nlm/shenzhen/CXR_png/CHNCXR_0064_0.png,0,shenzhen,4401
data/raw/nlm/shenzhen/CXR_png/CHNCXR_0065_0.png,0,shenzhen,4402
data/raw/nlm/shenzhen/CXR_png/CHNCXR_0066_0.png,0,shenzhen,4403
data/raw/nlm/shenzhen/CXR_png/CHNCXR_0067_0.png,0,shenzhen,4404
data/raw/nlm/shenzhen/CXR_png/CHNCXR_0068_0.png,0,shenzhen,4405
data/raw/nlm/shenzhen/CXR_png/CHNCXR_0069_0.png,0,shenzhen,4406
data/raw/nlm/shenzhen/CXR_png/CHNCXR_0070_0.png,0,shenzhen,4407
data/raw/nlm/shenzhen/CXR_png/CHNCXR_0071_0.png,0,shenzhen,4408
data/raw/nlm/shenzhen/CXR_png/CHNCXR_0072_0.png,0,shenzhen,4409
data/raw/nlm/shenzhen/CXR_png/CHNCXR_0073_0.png,0,shenzhen,4410
data/raw/nlm/shenzhen/CXR_png/CHNCXR_0074_0.png,0,shenzhen,4411
data/raw/nlm/shenzhen/CXR_png/CHNCXR_0075_0.png,0,shenzhen,4412
data/raw/nlm/shenzhen/CXR_png/CHNCXR_0076_0.png,0,shenzhen,4413
data/raw/nlm/shenzhen/CXR_png/CHNCXR_0077_0.png,0,shenzhen,4414
data/raw/nlm/shenzhen/CXR_png/CHNCXR_0078_0.png,0,shenzhen,4415
data/raw/nlm/shenzhen/CXR_png/CHNCXR_0079_0.png,0,shenzhen,4416
data/raw/nlm/shenzhen/CXR_png/CHNCXR_0080_0.png,0,shenzhen,4417
data/raw/nlm/shenzhen/CXR_png/CHNCXR_0081_0.png,0,shenzhen,4418
data/raw/nlm/shenzhen/CXR_png/CHNCXR_0082_0.png,0,shenzhen,4419
data/raw/nlm/shenzhen/CXR_png/CHNCXR_0083_0.png,0,shenzhen,6601
data/raw/nlm/shenzhen/CXR_png/CHNCXR_0084_0.png,0,shenzhen,4421
data/raw/nlm/shenzhen/CXR_png/CHNCXR_0085_0.png,0,shenzhen,4422
data/raw/nlm/shenzhen/CXR_png/CHNCXR_0086_0.png,0,shenzhen,4423
data/raw/nlm/shenzhen/CXR_png/CHNCXR_0087_0.png,0,shenzhen,4424
data/raw/nlm/shenzhen/CXR_png/CHNCXR_0088_0.png,0,shenzhen,4425
data/raw/nlm/shenzhen/CXR_png/CHNCXR_0089_0.png,0,shenzhen,4426
data/raw/nlm/shenzhen/CXR_png/CHNCXR_0090_0.png,0,shenzhen,4427
data/raw/nlm/shenzhen/CXR_png/CHNCXR_0091_0.png,0,shenzhen,4428
data/raw/nlm/shenzhen/CXR_png/CHNCXR_0092_0.png,0,shenzhen,4429
data/raw/nlm/shenzhen/CXR_png/CHNCXR_0093_0.png,0,shenzhen,4430
data/raw/nlm/shenzhen/CXR_png/CHNCXR_0094_0.png,0,shenzhen,4431
data/raw/nlm/shenzhen/CXR_png/CHNCXR_0095_0.png,0,shenzhen,4432
data/raw/nlm/shenzhen/CXR_png/CHNCXR_0096_0.png,0,shenzhen,4433
data/raw/nlm/shenzhen/CXR_png/CHNCXR_0097_0.png,0,shenzhen,4434
data/raw/nlm/shenzhen/CXR_png/CHNCXR_0098_0.png,0,shenzhen,4435
data/raw/nlm/shenzhen/CXR_png/CHNCXR_0099_0.png,0,shenzhen,4436
data/raw/nlm/shenzhen/CXR_png/CHNCXR_0100_0.png,0,shenzhen,4437
data/raw/nlm/shenzhen/CXR_png/CHNCXR_0101_0.png,0,shenzhen,4438
data/raw/nlm/shenzhen/CXR_png/CHNCXR_0102_0.png,0,shenzhen,4439
data/raw/nlm/shenzhen/CXR_png/CHNCXR_0103_0.png,0,shenzhen,4440
data/raw/nlm/shenzhen/CXR_png/CHNCXR_0104_0.png,0,shenzhen,4441
data/raw/nlm/shenzhen/CXR_png/CHNCXR_0105_0.png,0,shenzhen,4442
data/raw/nlm/shenzhen/CXR_png/CHNCXR_0106_0.png,0,shenzhen,4443
data/raw/nlm/shenzhen/CXR_png/CHNCXR_0107_0.png,0,shenzhen,4444
data/raw/nlm/shenzhen/CXR_png/CHNCXR_0108_0.png,0,shenzhen,4445
data/raw/nlm/shenzhen/CXR_png/CHNCXR_0109_0.png,0,shenzhen,4446
data/raw/nlm/shenzhen/CXR_png/CHNCXR_0110_0.png,0,shenzhen,4447
data/raw/nlm/shenzhen/CXR_png/CHNCXR_0111_0.png,0,shenzhen,4448
data/raw/nlm/shenzhen/CXR_png/CHNCXR_0112_0.png,0,shenzhen,4449
data/raw/nlm/shenzhen/CXR_png/CHNCXR_0113_0.png,0,shenzhen,4450
data/raw/nlm/shenzhen/CXR_png/CHNCXR_0114_0.png,0,shenzhen,4451
data/raw/nlm/shenzhen/CXR_png/CHNCXR_0115_0.png,0,shenzhen,4452
data/raw/nlm/shenzhen/CXR_png/CHNCXR_0116_0.png,0,shenzhen,4453
data/raw/nlm/shenzhen/CXR_png/CHNCXR_0117_0.png,0,shenzhen,4454
data/raw/nlm/shenzhen/CXR_png/CHNCXR_0118_0.png,0,shenzhen,4455
data/raw/nlm/shenzhen/CXR_png/CHNCXR_0119_0.png,0,shenzhen,4456
data/raw/nlm/shenzhen/CXR_png/CHNCXR_0120_0.png,0,shenzhen,4457
data/raw/nlm/shenzhen/CXR_png/CHNCXR_0121_0.png,0,shenzhen,4458
data/raw/nlm/shenzhen/CXR_png/CHNCXR_0122_0.png,0,shenzhen,4459
data/raw/nlm/shenzhen/CXR_png/CHNCXR_0123_0.png,0,shenzhen,4460
data/raw/nlm/shenzhen/CXR_png/CHNCXR_0124_0.png,0,shenzhen,4461
data/raw/nlm/shenzhen/CXR_png/CHNCXR_0125_0.png,0,shenzhen,4462
data/raw/nlm/shenzhen/CXR_png/CHNCXR_0126_0.png,0,shenzhen,4463
data/raw/nlm/shenzhen/CXR_png/CHNCXR_0127_0.png,0,shenzhen,4464
data/raw/nlm/shenzhen/CXR_png/CHNCXR_0128_0.png,0,shenzhen,4465
data/raw/nlm/shenzhen/CXR_png/CHNCXR_0129_0.png,0,shenzhen,4466
data/raw/nlm/shenzhen/CXR_png/CHNCXR_0130_0.png,0,shenzhen,4467
data/raw/nlm/shenzhen/CXR_png/CHNCXR_0131_0.png,0,shenzhen,4468
data/raw/nlm/shenzhen/CXR_png/CHNCXR_0132_0.png,0,shenzhen,4469
data/raw/nlm/shenzhen/CXR_png/CHNCXR_0133_0.png,0,shenzhen,4470
data/raw/nlm/shenzhen/CXR_png/CHNCXR_0134_0.png,0,shenzhen,4471
data/raw/nlm/shenzhen/CXR_png/CHNCXR_0135_0.png,0,shenzhen,4472
data/raw/nlm/shenzhen/CXR_png/CHNCXR_0136_0.png,0,shenzhen,4473
data/raw/nlm/shenzhen/CXR_png/CHNCXR_0137_0.png,0,shenzhen,4474
data/raw/nlm/shenzhen/CXR_png/CHNCXR_0138_0.png,0,shenzhen,4475
data/raw/nlm/shenzhen/CXR_png/CHNCXR_0139_0.png,0,shenzhen,4476
data/raw/nlm/shenzhen/CXR_png/CHNCXR_0140_0.png,0,shenzhen,4477
data/raw/nlm/shenzhen/CXR_png/CHNCXR_0141_0.png,0,shenzhen,4478
data/raw/nlm/shenzhen/CXR_png/CHNCXR_0142_0.png,0,shenzhen,4479
data/raw/nlm/shenzhen/CXR_png/CHNCXR_0143_0.png,0,shenzhen,4480
data/raw/nlm/shenzhen/CXR_png/CHNCXR_0144_0.png,0,shenzhen,4481
data/raw/nlm/shenzhen/CXR_png/CHNCXR_0145_0.png,0,shenzhen,4482
data/raw/nlm/shenzhen/CXR_png/CHNCXR_0146_0.png,0,shenzhen,4483
data/raw/nlm/shenzhen/CXR_png/CHNCXR_0147_0.png,0,shenzhen,4484
data/raw/nlm/shenzhen/CXR_png/CHNCXR_0148_0.png,0,shenzhen,4485
data/raw/nlm/shenzhen/CXR_png/CHNCXR_0149_0.png,0,shenzhen,4486
data/raw/nlm/shenzhen/CXR_png/CHNCXR_0150_0.png,0,shenzhen,4487
data/raw/nlm/shenzhen/CXR_png/CHNCXR_0151_0.png,0,shenzhen,4488
data/raw/nlm/shenzhen/CXR_png/CHNCXR_0152_0.png,0,shenzhen,4489
data/raw/nlm/shenzhen/CXR_png/CHNCXR_0153_0.png,0,shenzhen,4490
data/raw/nlm/shenzhen/CXR_png/CHNCXR_0154_0.png,0,shenzhen,4491
data/raw/nlm/shenzhen/CXR_png/CHNCXR_0155_0.png,0,shenzhen,4492
data/raw/nlm/shenzhen/CXR_png/CHNCXR_0156_0.png,0,shenzhen,4493
data/raw/nlm/shenzhen/CXR_png/CHNCXR_0157_0.png,0,shenzhen,4494
data/raw/nlm/shenzhen/CXR_png/CHNCXR_0158_0.png,0,shenzhen,4495
data/raw/nlm/shenzhen/CXR_png/CHNCXR_0159_0.png,0,shenzhen,4496
data/raw/nlm/shenzhen/CXR_png/CHNCXR_0160_0.png,0,shenzhen,4497
data/raw/nlm/shenzhen/CXR_png/CHNCXR_0161_0.png,0,shenzhen,4498
data/raw/nlm/shenzhen/CXR_png/CHNCXR_0162_0.png,0,shenzhen,4499
data/raw/nlm/shenzhen/CXR_png/CHNCXR_0163_0.png,0,shenzhen,4500
data/raw/nlm/shenzhen/CXR_png/CHNCXR_0164_0.png,0,shenzhen,4501
data/raw/nlm/shenzhen/CXR_png/CHNCXR_0165_0.png,0,shenzhen,4502
data/raw/nlm/shenzhen/CXR_png/CHNCXR_0166_0.png,0,shenzhen,4503
data/raw/nlm/shenzhen/CXR_png/CHNCXR_0167_0.png,0,shenzhen,4504
data/raw/nlm/shenzhen/CXR_png/CHNCXR_0168_0.png,0,shenzhen,4505
data/raw/nlm/shenzhen/CXR_png/CHNCXR_0169_0.png,0,shenzhen,4506
data/raw/nlm/shenzhen/CXR_png/CHNCXR_0170_0.png,0,shenzhen,4507
data/raw/nlm/shenzhen/CXR_png/CHNCXR_0171_0.png,0,shenzhen,4508
data/raw/nlm/shenzhen/CXR_png/CHNCXR_0172_0.png,0,shenzhen,4509
data/raw/nlm/shenzhen/CXR_png/CHNCXR_0173_0.png,0,shenzhen,4510
data/raw/nlm/shenzhen/CXR_png/CHNCXR_0174_0.png,0,shenzhen,4511
data/raw/nlm/shenzhen/CXR_png/CHNCXR_0175_0.png,0,shenzhen,4512
data/raw/nlm/shenzhen/CXR_png/CHNCXR_0176_0.png,0,shenzhen,4513
data/raw/nlm/shenzhen/CXR_png/CHNCXR_0177_0.png,0,shenzhen,4514
data/raw/nlm/shenzhen/CXR_png/CHNCXR_0178_0.png,0,shenzhen,4515
data/raw/nlm/shenzhen/CXR_png/CHNCXR_0179_0.png,0,shenzhen,4516
data/raw/nlm/shenzhen/CXR_png/CHNCXR_0180_0.png,0,shenzhen,4517
data/raw/nlm/shenzhen/CXR_png/CHNCXR_0181_0.png,0,shenzhen,4518
data/raw/nlm/shenzhen/CXR_png/CHNCXR_0182_0.png,0,shenzhen,4519
data/raw/nlm/shenzhen/CXR_png/CHNCXR_0183_0.png,0,shenzhen,4520
data/raw/nlm/shenzhen/CXR_png/CHNCXR_0184_0.png,0,shenzhen,4521
data/raw/nlm/shenzhen/CXR_png/CHNCXR_0185_0.png,0,shenzhen,4522
data/raw/nlm/shenzhen/CXR_png/CHNCXR_0186_0.png,0,shenzhen,4523
data/raw/nlm/shenzhen/CXR_png/CHNCXR_0187_0.png,0,shenzhen,4524
data/raw/nlm/shenzhen/CXR_png/CHNCXR_0188_0.png,0,shenzhen,4525
data/raw/nlm/shenzhen/CXR_png/CHNCXR_0189_0.png,0,shenzhen,4526
data/raw/nlm/shenzhen/CXR_png/CHNCXR_0190_0.png,0,shenzhen,4527
data/raw/nlm/shenzhen/CXR_png/CHNCXR_0191_0.png,0,shenzhen,4528
data/raw/nlm/shenzhen/CXR_png/CHNCXR_0192_0.png,0,shenzhen,4529
data/raw/nlm/shenzhen/CXR_png/CHNCXR_0193_0.png,0,shenzhen,4530
data/raw/nlm/shenzhen/CXR_png/CHNCXR_0194_0.png,0,shenzhen,4531
data/raw/nlm/shenzhen/CXR_png/CHNCXR_0195_0.png,0,shenzhen,4532
data/raw/nlm/shenzhen/CXR_png/CHNCXR_0196_0.png,0,shenzhen,4533
data/raw/nlm/shenzhen/CXR_png/CHNCXR_0197_0.png,0,shenzhen,4534
data/raw/nlm/shenzhen/CXR_png/CHNCXR_0198_0.png,0,shenzhen,4535
data/raw/nlm/shenzhen/CXR_png/CHNCXR_0199_0.png,0,shenzhen,4536
data/raw/nlm/shenzhen/CXR_png/CHNCXR_0200_0.png,0,shenzhen,4537
data/raw/nlm/shenzhen/CXR_png/CHNCXR_0201_0.png,0,shenzhen,4538
data/raw/nlm/shenzhen/CXR_png/CHNCXR_0202_0.png,0,shenzhen,4539
data/raw/nlm/shenzhen/CXR_png/CHNCXR_0203_0.png,0,shenzhen,4540
data/raw/nlm/shenzhen/CXR_png/CHNCXR_0204_0.png,0,shenzhen,4541
data/raw/nlm/shenzhen/CXR_png/CHNCXR_0205_0.png,0,shenzhen,4542
data/raw/nlm/shenzhen/CXR_png/CHNCXR_0206_0.png,0,shenzhen,4543
data/raw/nlm/shenzhen/CXR_png/CHNCXR_0207_0.png,0,shenzhen,4544
data/raw/nlm/shenzhen/CXR_png/CHNCXR_0208_0.png,0,shenzhen,4545
data/raw/nlm/shenzhen/CXR_png/CHNCXR_0209_0.png,0,shenzhen,4546
data/raw/nlm/shenzhen/CXR_png/CHNCXR_0210_0.png,0,shenzhen,4547
data/raw/nlm/shenzhen/CXR_png/CHNCXR_0211_0.png,0,shenzhen,4548
data/raw/nlm/shenzhen/CXR_png/CHNCXR_0212_0.png,0,shenzhen,4549
data/raw/nlm/shenzhen/CXR_png/CHNCXR_0213_0.png,0,shenzhen,4550
data/raw/nlm/shenzhen/CXR_png/CHNCXR_0214_0.png,0,shenzhen,4551
data/raw/nlm/shenzhen/CXR_png/CHNCXR_0215_0.png,0,shenzhen,4552
data/raw/nlm/shenzhen/CXR_png/CHNCXR_0216_0.png,0,shenzhen,6601
data/raw/nlm/shenzhen/CXR_png/CHNCXR_0217_0.png,0,shenzhen,4554
data/raw/nlm/shenzhen/CXR_png/CHNCXR_0218_0.png,0,shenzhen,4555
data/raw/nlm/shenzhen/CXR_png/CHNCXR_0219_0.png,0,shenzhen,4556
data/raw/nlm/shenzhen/CXR_png/CHNCXR_0220_0.png,0,shenzhen,4557
data/raw/nlm/shenzhen/CXR_png/CHNCXR_0221_0.png,0,shenzhen,4558
data/raw/nlm/shenzhen/CXR_png/CHNCXR_0222_0.png,0,shenzhen,4559
data/raw/nlm/shenzhen/CXR_png/CHNCXR_0223_0.png,0,shenzhen,4560
data/raw/nlm/shenzhen/CXR_png/CHNCXR_0224_0.png,0,shenzhen,4561
data/raw/nlm/shenzhen/CXR_png/CHNCXR_0225_0.png,0,shenzhen,4562
data/raw/nlm/shenzhen/CXR_png/CHNCXR_0226_0.png,0,shenzhen,4563
data/raw/nlm/shenzhen/CXR_png/CHNCXR_0227_0.png,0,shenzhen,4564
data/raw/nlm/shenzhen/CXR_png/CHNCXR_0228_0.png,0,shenzhen,4565
data/raw/nlm/shenzhen/CXR_png/CHNCXR_0229_0.png,0,shenzhen,4566
data/raw/nlm/shenzhen/CXR_png/CHNCXR_0230_0.png,0,shenzhen,4567
data/raw/nlm/shenzhen/CXR_png/CHNCXR_0231_0.png,0,shenzhen,4568
data/raw/nlm/shenzhen/CXR_png/CHNCXR_0232_0.png,0,shenzhen,4569
data/raw/nlm/shenzhen/CXR_png/CHNCXR_0233_0.png,0,shenzhen,4570
data/raw/nlm/shenzhen/CXR_png/CHNCXR_0234_0.png,0,shenzhen,4571
data/raw/nlm/shenzhen/CXR_png/CHNCXR_0235_0.png,0,shenzhen,4572
data/raw/nlm/shenzhen/CXR_png/CHNCXR_0236_0.png,0,shenzhen,4573
data/raw/nlm/shenzhen/CXR_png/CHNCXR_0237_0.png,0,shenzhen,4574
data/raw/nlm/shenzhen/CXR_png/CHNCXR_0238_0.png,0,shenzhen,4575
data/raw/nlm/shenzhen/CXR_png/CHNCXR_0239_0.png,0,shenzhen,4576
data/raw/nlm/shenzhen/CXR_png/CHNCXR_0240_0.png,0,shenzhen,4577
data/raw/nlm/shenzhen/CXR_png/CHNCXR_0241_0.png,0,shenzhen,4578
data/raw/nlm/shenzhen/CXR_png/CHNCXR_0242_0.png,0,shenzhen,4579
data/raw/nlm/shenzhen/CXR_png/CHNCXR_0243_0.png,0,shenzhen,4580
data/raw/nlm/shenzhen/CXR_png/CHNCXR_0244_0.png,0,shenzhen,4581
data/raw/nlm/shenzhen/CXR_png/CHNCXR_0245_0.png,0,shenzhen,4582
data/raw/nlm/shenzhen/CXR_png/CHNCXR_0246_0.png,0,shenzhen,4583
data/raw/nlm/shenzhen/CXR_png/CHNCXR_0247_0.png,0,shenzhen,4584
data/raw/nlm/shenzhen/CXR_png/CHNCXR_0248_0.png,0,shenzhen,529
data/raw/nlm/shenzhen/CXR_png/CHNCXR_0249_0.png,0,shenzhen,4586
data/raw/nlm/shenzhen/CXR_png/CHNCXR_0250_0.png,0,shenzhen,4587
data/raw/nlm/shenzhen/CXR_png/CHNCXR_0251_0.png,0,shenzhen,4588
data/raw/nlm/shenzhen/CXR_png/CHNCXR_0252_0.png,0,shenzhen,4589
data/raw/nlm/shenzhen/CXR_png/CHNCXR_0253_0.png,0,shenzhen,4590
data/raw/nlm/shenzhen/CXR_png/CHNCXR_0254_0.png,0,shenzhen,4591
data/raw/nlm/shenzhen/CXR_png/CHNCXR_0255_0.png,0,shenzhen,4592
data/raw/nlm/shenzhen/CXR_png/CHNCXR_0256_0.png,0,shenzhen,4593
data/raw/nlm/shenzhen/CXR_png/CHNCXR_0257_0.png,0,shenzhen,4594
data/raw/nlm/shenzhen/CXR_png/CHNCXR_0258_0.png,0,shenzhen,4595
data/raw/nlm/shenzhen/CXR_png/CHNCXR_0259_0.png,0,shenzhen,4596
data/raw/nlm/shenzhen/CXR_png/CHNCXR_0260_0.png,0,shenzhen,4597
data/raw/nlm/shenzhen/CXR_png/CHNCXR_0261_0.png,0,shenzhen,4598
data/raw/nlm/shenzhen/CXR_png/CHNCXR_0262_0.png,0,shenzhen,4599
data/raw/nlm/shenzhen/CXR_png/CHNCXR_0263_0.png,0,shenzhen,4600
data/raw/nlm/shenzhen/CXR_png/CHNCXR_0264_0.png,0,shenzhen,4601
data/raw/nlm/shenzhen/CXR_png/CHNCXR_0265_0.png,0,shenzhen,4602
data/raw/nlm/shenzhen/CXR_png/CHNCXR_0266_0.png,0,shenzhen,4603
data/raw/nlm/shenzhen/CXR_png/CHNCXR_0267_0.png,0,shenzhen,4604
data/raw/nlm/shenzhen/CXR_png/CHNCXR_0268_0.png,0,shenzhen,4605
data/raw/nlm/shenzhen/CXR_png/CHNCXR_0269_0.png,0,shenzhen,4606
data/raw/nlm/shenzhen/CXR_png/CHNCXR_0270_0.png,0,shenzhen,4607
data/raw/nlm/shenzhen/CXR_png/CHNCXR_0271_0.png,0,shenzhen,4608
data/raw/nlm/shenzhen/CXR_png/CHNCXR_0272_0.png,0,shenzhen,4609
data/raw/nlm/shenzhen/CXR_png/CHNCXR_0273_0.png,0,shenzhen,4610
data/raw/nlm/shenzhen/CXR_png/CHNCXR_0274_0.png,0,shenzhen,4611
data/raw/nlm/shenzhen/CXR_png/CHNCXR_0275_0.png,0,shenzhen,4612
data/raw/nlm/shenzhen/CXR_png/CHNCXR_0276_0.png,0,shenzhen,4613
data/raw/nlm/shenzhen/CXR_png/CHNCXR_0277_0.png,0,shenzhen,4614
data/raw/nlm/shenzhen/CXR_png/CHNCXR_0278_0.png,0,shenzhen,4615
data/raw/nlm/shenzhen/CXR_png/CHNCXR_0279_0.png,0,shenzhen,4616
data/raw/nlm/shenzhen/CXR_png/CHNCXR_0280_0.png,0,shenzhen,6601
data/raw/nlm/shenzhen/CXR_png/CHNCXR_0281_0.png,0,shenzhen,4618
data/raw/nlm/shenzhen/CXR_png/CHNCXR_0282_0.png,0,shenzhen,4619
data/raw/nlm/shenzhen/CXR_png/CHNCXR_0283_0.png,0,shenzhen,4620
data/raw/nlm/shenzhen/CXR_png/CHNCXR_0284_0.png,0,shenzhen,4621
data/raw/nlm/shenzhen/CXR_png/CHNCXR_0285_0.png,0,shenzhen,4622
data/raw/nlm/shenzhen/CXR_png/CHNCXR_0286_0.png,0,shenzhen,4623
data/raw/nlm/shenzhen/CXR_png/CHNCXR_0287_0.png,0,shenzhen,4624
data/raw/nlm/shenzhen/CXR_png/CHNCXR_0288_0.png,0,shenzhen,4625
data/raw/nlm/shenzhen/CXR_png/CHNCXR_0289_0.png,0,shenzhen,4626
data/raw/nlm/shenzhen/CXR_png/CHNCXR_0290_0.png,0,shenzhen,4627
data/raw/nlm/shenzhen/CXR_png/CHNCXR_0291_0.png,0,shenzhen,4628
data/raw/nlm/shenzhen/CXR_png/CHNCXR_0292_0.png,0,shenzhen,4629
data/raw/nlm/shenzhen/CXR_png/CHNCXR_0293_0.png,0,shenzhen,4630
data/raw/nlm/shenzhen/CXR_png/CHNCXR_0294_0.png,0,shenzhen,4631
data/raw/nlm/shenzhen/CXR_png/CHNCXR_0295_0.png,0,shenzhen,4632
data/raw/nlm/shenzhen/CXR_png/CHNCXR_0296_0.png,0,shenzhen,4633
data/raw/nlm/shenzhen/CXR_png/CHNCXR_0297_0.png,0,shenzhen,4634
data/raw/nlm/shenzhen/CXR_png/CHNCXR_0298_0.png,0,shenzhen,4635
data/raw/nlm/shenzhen/CXR_png/CHNCXR_0299_0.png,0,shenzhen,4636
data/raw/nlm/shenzhen/CXR_png/CHNCXR_0300_0.png,0,shenzhen,4637
data/raw/nlm/shenzhen/CXR_png/CHNCXR_0301_0.png,0,shenzhen,4638
data/raw/nlm/shenzhen/CXR_png/CHNCXR_0302_0.png,0,shenzhen,4639
data/raw/nlm/shenzhen/CXR_png/CHNCXR_0303_0.png,0,shenzhen,4640
data/raw/nlm/shenzhen/CXR_png/CHNCXR_0304_0.png,0,shenzhen,4641
data/raw/nlm/shenzhen/CXR_png/CHNCXR_0305_0.png,0,shenzhen,4642
data/raw/nlm/shenzhen/CXR_png/CHNCXR_0306_0.png,0,shenzhen,4643
data/raw/nlm/shenzhen/CXR_png/CHNCXR_0307_0.png,0,shenzhen,4644
data/raw/nlm/shenzhen/CXR_png/CHNCXR_0308_0.png,0,shenzhen,4645
data/raw/nlm/shenzhen/CXR_png/CHNCXR_0309_0.png,0,shenzhen,4646
data/raw/nlm/shenzhen/CXR_png/CHNCXR_0310_0.png,0,shenzhen,4647
data/raw/nlm/shenzhen/CXR_png/CHNCXR_0311_0.png,0,shenzhen,4648
data/raw/nlm/shenzhen/CXR_png/CHNCXR_0312_0.png,0,shenzhen,4649
data/raw/nlm/shenzhen/CXR_png/CHNCXR_0313_0.png,0,shenzhen,4650
data/raw/nlm/shenzhen/CXR_png/CHNCXR_0314_0.png,0,shenzhen,4651
data/raw/nlm/shenzhen/CXR_png/CHNCXR_0315_0.png,0,shenzhen,4652
data/raw/nlm/shenzhen/CXR_png/CHNCXR_0316_0.png,0,shenzhen,4653
data/raw/nlm/shenzhen/CXR_png/CHNCXR_0317_0.png,0,shenzhen,4654
data/raw/nlm/shenzhen/CXR_png/CHNCXR_0318_0.png,0,shenzhen,4655
data/raw/nlm/shenzhen/CXR_png/CHNCXR_0319_0.png,0,shenzhen,4656
data/raw/nlm/shenzhen/CXR_png/CHNCXR_0320_0.png,0,shenzhen,4657
data/raw/nlm/shenzhen/CXR_png/CHNCXR_0321_0.png,0,shenzhen,4658
data/raw/nlm/shenzhen/CXR_png/CHNCXR_0322_0.png,0,shenzhen,4659
data/raw/nlm/shenzhen/CXR_png/CHNCXR_0323_0.png,0,shenzhen,4660
data/raw/nlm/shenzhen/CXR_png/CHNCXR_0324_0.png,0,shenzhen,4661
data/raw/nlm/shenzhen/CXR_png/CHNCXR_0325_0.png,0,shenzhen,4662
data/raw/nlm/shenzhen/CXR_png/CHNCXR_0326_0.png,0,shenzhen,4663
data/raw/nlm/shenzhen/CXR_png/CHNCXR_0327_1.png,1,shenzhen,4664
data/raw/nlm/shenzhen/CXR_png/CHNCXR_0328_1.png,1,shenzhen,4665
data/raw/nlm/shenzhen/CXR_png/CHNCXR_0329_1.png,1,shenzhen,4666
data/raw/nlm/shenzhen/CXR_png/CHNCXR_0330_1.png,1,shenzhen,4667
data/raw/nlm/shenzhen/CXR_png/CHNCXR_0331_1.png,1,shenzhen,4668
data/raw/nlm/shenzhen/CXR_png/CHNCXR_0332_1.png,1,shenzhen,4669
data/raw/nlm/shenzhen/CXR_png/CHNCXR_0333_1.png,1,shenzhen,4670
data/raw/nlm/shenzhen/CXR_png/CHNCXR_0334_1.png,1,shenzhen,4671
data/raw/nlm/shenzhen/CXR_png/CHNCXR_0335_1.png,1,shenzhen,4672
data/raw/nlm/shenzhen/CXR_png/CHNCXR_0336_1.png,1,shenzhen,4673
data/raw/nlm/shenzhen/CXR_png/CHNCXR_0337_1.png,1,shenzhen,4674
data/raw/nlm/shenzhen/CXR_png/CHNCXR_0338_1.png,1,shenzhen,4675
data/raw/nlm/shenzhen/CXR_png/CHNCXR_0339_1.png,1,shenzhen,4676
data/raw/nlm/shenzhen/CXR_png/CHNCXR_0340_1.png,1,shenzhen,4677
data/raw/nlm/shenzhen/CXR_png/CHNCXR_0341_1.png,1,shenzhen,4678
data/raw/nlm/shenzhen/CXR_png/CHNCXR_0342_1.png,1,shenzhen,4679
data/raw/nlm/shenzhen/CXR_png/CHNCXR_0343_1.png,1,shenzhen,4680
data/raw/nlm/shenzhen/CXR_png/CHNCXR_0344_1.png,1,shenzhen,4681
data/raw/nlm/shenzhen/CXR_png/CHNCXR_0345_1.png,1,shenzhen,4682
data/raw/nlm/shenzhen/CXR_png/CHNCXR_0346_1.png,1,shenzhen,4683
data/raw/nlm/shenzhen/CXR_png/CHNCXR_0347_1.png,1,shenzhen,4684
data/raw/nlm/shenzhen/CXR_png/CHNCXR_0348_1.png,1,shenzhen,4685
data/raw/nlm/shenzhen/CXR_png/CHNCXR_0349_1.png,1,shenzhen,4686
data/raw/nlm/shenzhen/CXR_png/CHNCXR_0350_1.png,1,shenzhen,4687
data/raw/nlm/shenzhen/CXR_png/CHNCXR_0351_1.png,1,shenzhen,4688
data/raw/nlm/shenzhen/CXR_png/CHNCXR_0352_1.png,1,shenzhen,4689
data/raw/nlm/shenzhen/CXR_png/CHNCXR_0353_1.png,1,shenzhen,4690
data/raw/nlm/shenzhen/CXR_png/CHNCXR_0354_1.png,1,shenzhen,4691
data/raw/nlm/shenzhen/CXR_png/CHNCXR_0355_1.png,1,shenzhen,4692
data/raw/nlm/shenzhen/CXR_png/CHNCXR_0356_1.png,1,shenzhen,4693
data/raw/nlm/shenzhen/CXR_png/CHNCXR_0357_1.png,1,shenzhen,4694
data/raw/nlm/shenzhen/CXR_png/CHNCXR_0358_1.png,1,shenzhen,4695
data/raw/nlm/shenzhen/CXR_png/CHNCXR_0359_1.png,1,shenzhen,4696
data/raw/nlm/shenzhen/CXR_png/CHNCXR_0360_1.png,1,shenzhen,4697
data/raw/nlm/shenzhen/CXR_png/CHNCXR_0361_1.png,1,shenzhen,4698
data/raw/nlm/shenzhen/CXR_png/CHNCXR_0362_1.png,1,shenzhen,4699
data/raw/nlm/shenzhen/CXR_png/CHNCXR_0363_1.png,1,shenzhen,4700
data/raw/nlm/shenzhen/CXR_png/CHNCXR_0364_1.png,1,shenzhen,4701
data/raw/nlm/shenzhen/CXR_png/CHNCXR_0365_1.png,1,shenzhen,4702
data/raw/nlm/shenzhen/CXR_png/CHNCXR_0366_1.png,1,shenzhen,4703
data/raw/nlm/shenzhen/CXR_png/CHNCXR_0367_1.png,1,shenzhen,4704
data/raw/nlm/shenzhen/CXR_png/CHNCXR_0368_1.png,1,shenzhen,4705
data/raw/nlm/shenzhen/CXR_png/CHNCXR_0369_1.png,1,shenzhen,4706
data/raw/nlm/shenzhen/CXR_png/CHNCXR_0370_1.png,1,shenzhen,4707
data/raw/nlm/shenzhen/CXR_png/CHNCXR_0371_1.png,1,shenzhen,4708
data/raw/nlm/shenzhen/CXR_png/CHNCXR_0372_1.png,1,shenzhen,4709
data/raw/nlm/shenzhen/CXR_png/CHNCXR_0373_1.png,1,shenzhen,4710
data/raw/nlm/shenzhen/CXR_png/CHNCXR_0374_1.png,1,shenzhen,4711
data/raw/nlm/shenzhen/CXR_png/CHNCXR_0375_1.png,1,shenzhen,4712
data/raw/nlm/shenzhen/CXR_png/CHNCXR_0376_1.png,1,shenzhen,4713
data/raw/nlm/shenzhen/CXR_png/CHNCXR_0377_1.png,1,shenzhen,4714
data/raw/nlm/shenzhen/CXR_png/CHNCXR_0378_1.png,1,shenzhen,4715
data/raw/nlm/shenzhen/CXR_png/CHNCXR_0379_1.png,1,shenzhen,4716
data/raw/nlm/shenzhen/CXR_png/CHNCXR_0380_1.png,1,shenzhen,4717
data/raw/nlm/shenzhen/CXR_png/CHNCXR_0381_1.png,1,shenzhen,4718
data/raw/nlm/shenzhen/CXR_png/CHNCXR_0382_1.png,1,shenzhen,4719
data/raw/nlm/shenzhen/CXR_png/CHNCXR_0383_1.png,1,shenzhen,4720
data/raw/nlm/shenzhen/CXR_png/CHNCXR_0384_1.png,1,shenzhen,4721
data/raw/nlm/shenzhen/CXR_png/CHNCXR_0385_1.png,1,shenzhen,4722
data/raw/nlm/shenzhen/CXR_png/CHNCXR_0386_1.png,1,shenzhen,4723
data/raw/nlm/shenzhen/CXR_png/CHNCXR_0387_1.png,1,shenzhen,4724
data/raw/nlm/shenzhen/CXR_png/CHNCXR_0388_1.png,1,shenzhen,4725
data/raw/nlm/shenzhen/CXR_png/CHNCXR_0389_1.png,1,shenzhen,4726
data/raw/nlm/shenzhen/CXR_png/CHNCXR_0390_1.png,1,shenzhen,4727
data/raw/nlm/shenzhen/CXR_png/CHNCXR_0391_1.png,1,shenzhen,4728
data/raw/nlm/shenzhen/CXR_png/CHNCXR_0392_1.png,1,shenzhen,4729
data/raw/nlm/shenzhen/CXR_png/CHNCXR_0393_1.png,1,shenzhen,4730
data/raw/nlm/shenzhen/CXR_png/CHNCXR_0394_1.png,1,shenzhen,4731
data/raw/nlm/shenzhen/CXR_png/CHNCXR_0395_1.png,1,shenzhen,4732
data/raw/nlm/shenzhen/CXR_png/CHNCXR_0396_1.png,1,shenzhen,4733
data/raw/nlm/shenzhen/CXR_png/CHNCXR_0397_1.png,1,shenzhen,4734
data/raw/nlm/shenzhen/CXR_png/CHNCXR_0398_1.png,1,shenzhen,4735
data/raw/nlm/shenzhen/CXR_png/CHNCXR_0399_1.png,1,shenzhen,4736
data/raw/nlm/shenzhen/CXR_png/CHNCXR_0400_1.png,1,shenzhen,4737
data/raw/nlm/shenzhen/CXR_png/CHNCXR_0401_1.png,1,shenzhen,4738
data/raw/nlm/shenzhen/CXR_png/CHNCXR_0402_1.png,1,shenzhen,4739
data/raw/nlm/shenzhen/CXR_png/CHNCXR_0403_1.png,1,shenzhen,4740
data/raw/nlm/shenzhen/CXR_png/CHNCXR_0404_1.png,1,shenzhen,4741
data/raw/nlm/shenzhen/CXR_png/CHNCXR_0405_1.png,1,shenzhen,4742
data/raw/nlm/shenzhen/CXR_png/CHNCXR_0406_1.png,1,shenzhen,4743
data/raw/nlm/shenzhen/CXR_png/CHNCXR_0407_1.png,1,shenzhen,4744
data/raw/nlm/shenzhen/CXR_png/CHNCXR_0408_1.png,1,shenzhen,4745
data/raw/nlm/shenzhen/CXR_png/CHNCXR_0409_1.png,1,shenzhen,4746
data/raw/nlm/shenzhen/CXR_png/CHNCXR_0410_1.png,1,shenzhen,4747
data/raw/nlm/shenzhen/CXR_png/CHNCXR_0411_1.png,1,shenzhen,4748
data/raw/nlm/shenzhen/CXR_png/CHNCXR_0412_1.png,1,shenzhen,4749
data/raw/nlm/shenzhen/CXR_png/CHNCXR_0413_1.png,1,shenzhen,4750
data/raw/nlm/shenzhen/CXR_png/CHNCXR_0414_1.png,1,shenzhen,4751
data/raw/nlm/shenzhen/CXR_png/CHNCXR_0415_1.png,1,shenzhen,4752
data/raw/nlm/shenzhen/CXR_png/CHNCXR_0416_1.png,1,shenzhen,4753
data/raw/nlm/shenzhen/CXR_png/CHNCXR_0417_1.png,1,shenzhen,4754
data/raw/nlm/shenzhen/CXR_png/CHNCXR_0418_1.png,1,shenzhen,4755
data/raw/nlm/shenzhen/CXR_png/CHNCXR_0419_1.png,1,shenzhen,4756
data/raw/nlm/shenzhen/CXR_png/CHNCXR_0420_1.png,1,shenzhen,4757
data/raw/nlm/shenzhen/CXR_png/CHNCXR_0421_1.png,1,shenzhen,4758
data/raw/nlm/shenzhen/CXR_png/CHNCXR_0422_1.png,1,shenzhen,4759
data/raw/nlm/shenzhen/CXR_png/CHNCXR_0423_1.png,1,shenzhen,4760
data/raw/nlm/shenzhen/CXR_png/CHNCXR_0424_1.png,1,shenzhen,4761
data/raw/nlm/shenzhen/CXR_png/CHNCXR_0425_1.png,1,shenzhen,4762
data/raw/nlm/shenzhen/CXR_png/CHNCXR_0426_1.png,1,shenzhen,4763
data/raw/nlm/shenzhen/CXR_png/CHNCXR_0427_1.png,1,shenzhen,4764
data/raw/nlm/shenzhen/CXR_png/CHNCXR_0428_1.png,1,shenzhen,4765
data/raw/nlm/shenzhen/CXR_png/CHNCXR_0429_1.png,1,shenzhen,4766
data/raw/nlm/shenzhen/CXR_png/CHNCXR_0430_1.png,1,shenzhen,4767
data/raw/nlm/shenzhen/CXR_png/CHNCXR_0431_1.png,1,shenzhen,4768
data/raw/nlm/shenzhen/CXR_png/CHNCXR_0432_1.png,1,shenzhen,4769
data/raw/nlm/shenzhen/CXR_png/CHNCXR_0433_1.png,1,shenzhen,4770
data/raw/nlm/shenzhen/CXR_png/CHNCXR_0434_1.png,1,shenzhen,4771
data/raw/nlm/shenzhen/CXR_png/CHNCXR_0435_1.png,1,shenzhen,4772
data/raw/nlm/shenzhen/CXR_png/CHNCXR_0436_1.png,1,shenzhen,4773
data/raw/nlm/shenzhen/CXR_png/CHNCXR_0437_1.png,1,shenzhen,4774
data/raw/nlm/shenzhen/CXR_png/CHNCXR_0438_1.png,1,shenzhen,4775
data/raw/nlm/shenzhen/CXR_png/CHNCXR_0439_1.png,1,shenzhen,4776
data/raw/nlm/shenzhen/CXR_png/CHNCXR_0440_1.png,1,shenzhen,4777
data/raw/nlm/shenzhen/CXR_png/CHNCXR_0441_1.png,1,shenzhen,4778
data/raw/nlm/shenzhen/CXR_png/CHNCXR_0442_1.png,1,shenzhen,4779
data/raw/nlm/shenzhen/CXR_png/CHNCXR_0443_1.png,1,shenzhen,4780
data/raw/nlm/shenzhen/CXR_png/CHNCXR_0444_1.png,1,shenzhen,4781
data/raw/nlm/shenzhen/CXR_png/CHNCXR_0445_1.png,1,shenzhen,4782
data/raw/nlm/shenzhen/CXR_png/CHNCXR_0446_1.png,1,shenzhen,4783
data/raw/nlm/shenzhen/CXR_png/CHNCXR_0447_1.png,1,shenzhen,4784
data/raw/nlm/shenzhen/CXR_png/CHNCXR_0448_1.png,1,shenzhen,4785
data/raw/nlm/shenzhen/CXR_png/CHNCXR_0449_1.png,1,shenzhen,4786
data/raw/nlm/shenzhen/CXR_png/CHNCXR_0450_1.png,1,shenzhen,4787
data/raw/nlm/shenzhen/CXR_png/CHNCXR_0451_1.png,1,shenzhen,4788
data/raw/nlm/shenzhen/CXR_png/CHNCXR_0452_1.png,1,shenzhen,4789
data/raw/nlm/shenzhen/CXR_png/CHNCXR_0453_1.png,1,shenzhen,4790
data/raw/nlm/shenzhen/CXR_png/CHNCXR_0454_1.png,1,shenzhen,4791
data/raw/nlm/shenzhen/CXR_png/CHNCXR_0455_1.png,1,shenzhen,4792
data/raw/nlm/shenzhen/CXR_png/CHNCXR_0456_1.png,1,shenzhen,4793
data/raw/nlm/shenzhen/CXR_png/CHNCXR_0457_1.png,1,shenzhen,4794
data/raw/nlm/shenzhen/CXR_png/CHNCXR_0458_1.png,1,shenzhen,4795
data/raw/nlm/shenzhen/CXR_png/CHNCXR_0459_1.png,1,shenzhen,4796
data/raw/nlm/shenzhen/CXR_png/CHNCXR_0460_1.png,1,shenzhen,4797
data/raw/nlm/shenzhen/CXR_png/CHNCXR_0461_1.png,1,shenzhen,4798
data/raw/nlm/shenzhen/CXR_png/CHNCXR_0462_1.png,1,shenzhen,4799
data/raw/nlm/shenzhen/CXR_png/CHNCXR_0463_1.png,1,shenzhen,4800
data/raw/nlm/shenzhen/CXR_png/CHNCXR_0464_1.png,1,shenzhen,4801
data/raw/nlm/shenzhen/CXR_png/CHNCXR_0465_1.png,1,shenzhen,4802
data/raw/nlm/shenzhen/CXR_png/CHNCXR_0466_1.png,1,shenzhen,4803
data/raw/nlm/shenzhen/CXR_png/CHNCXR_0467_1.png,1,shenzhen,4804
data/raw/nlm/shenzhen/CXR_png/CHNCXR_0468_1.png,1,shenzhen,4805
data/raw/nlm/shenzhen/CXR_png/CHNCXR_0469_1.png,1,shenzhen,4806
data/raw/nlm/shenzhen/CXR_png/CHNCXR_0470_1.png,1,shenzhen,4807
data/raw/nlm/shenzhen/CXR_png/CHNCXR_0471_1.png,1,shenzhen,4808
data/raw/nlm/shenzhen/CXR_png/CHNCXR_0472_1.png,1,shenzhen,4809
data/raw/nlm/shenzhen/CXR_png/CHNCXR_0473_1.png,1,shenzhen,4810
data/raw/nlm/shenzhen/CXR_png/CHNCXR_0474_1.png,1,shenzhen,4811
data/raw/nlm/shenzhen/CXR_png/CHNCXR_0475_1.png,1,shenzhen,4812
data/raw/nlm/shenzhen/CXR_png/CHNCXR_0476_1.png,1,shenzhen,4813
data/raw/nlm/shenzhen/CXR_png/CHNCXR_0477_1.png,1,shenzhen,4814
data/raw/nlm/shenzhen/CXR_png/CHNCXR_0478_1.png,1,shenzhen,4815
data/raw/nlm/shenzhen/CXR_png/CHNCXR_0479_1.png,1,shenzhen,4816
data/raw/nlm/shenzhen/CXR_png/CHNCXR_0480_1.png,1,shenzhen,4817
data/raw/nlm/shenzhen/CXR_png/CHNCXR_0481_1.png,1,shenzhen,4818
data/raw/nlm/shenzhen/CXR_png/CHNCXR_0482_1.png,1,shenzhen,4819
data/raw/nlm/shenzhen/CXR_png/CHNCXR_0483_1.png,1,shenzhen,4820
data/raw/nlm/shenzhen/CXR_png/CHNCXR_0484_1.png,1,shenzhen,4821
data/raw/nlm/shenzhen/CXR_png/CHNCXR_0485_1.png,1,shenzhen,4822
data/raw/nlm/shenzhen/CXR_png/CHNCXR_0486_1.png,1,shenzhen,4823
data/raw/nlm/shenzhen/CXR_png/CHNCXR_0487_1.png,1,shenzhen,4824
data/raw/nlm/shenzhen/CXR_png/CHNCXR_0488_1.png,1,shenzhen,4825
data/raw/nlm/shenzhen/CXR_png/CHNCXR_0489_1.png,1,shenzhen,4826
data/raw/nlm/shenzhen/CXR_png/CHNCXR_0490_1.png,1,shenzhen,4827
data/raw/nlm/shenzhen/CXR_png/CHNCXR_0491_1.png,1,shenzhen,4828
data/raw/nlm/shenzhen/CXR_png/CHNCXR_0492_1.png,1,shenzhen,4829
data/raw/nlm/shenzhen/CXR_png/CHNCXR_0493_1.png,1,shenzhen,4830
data/raw/nlm/shenzhen/CXR_png/CHNCXR_0494_1.png,1,shenzhen,4831
data/raw/nlm/shenzhen/CXR_png/CHNCXR_0495_1.png,1,shenzhen,4832
data/raw/nlm/shenzhen/CXR_png/CHNCXR_0496_1.png,1,shenzhen,4833
data/raw/nlm/shenzhen/CXR_png/CHNCXR_0497_1.png,1,shenzhen,4834
data/raw/nlm/shenzhen/CXR_png/CHNCXR_0498_1.png,1,shenzhen,4835
data/raw/nlm/shenzhen/CXR_png/CHNCXR_0499_1.png,1,shenzhen,4836
data/raw/nlm/shenzhen/CXR_png/CHNCXR_0500_1.png,1,shenzhen,4837
data/raw/nlm/shenzhen/CXR_png/CHNCXR_0501_1.png,1,shenzhen,4838
data/raw/nlm/shenzhen/CXR_png/CHNCXR_0502_1.png,1,shenzhen,4839
data/raw/nlm/shenzhen/CXR_png/CHNCXR_0503_1.png,1,shenzhen,4840
data/raw/nlm/shenzhen/CXR_png/CHNCXR_0504_1.png,1,shenzhen,4841
data/raw/nlm/shenzhen/CXR_png/CHNCXR_0505_1.png,1,shenzhen,4842
data/raw/nlm/shenzhen/CXR_png/CHNCXR_0506_1.png,1,shenzhen,4843
data/raw/nlm/shenzhen/CXR_png/CHNCXR_0507_1.png,1,shenzhen,4844
data/raw/nlm/shenzhen/CXR_png/CHNCXR_0508_1.png,1,shenzhen,4845
data/raw/nlm/shenzhen/CXR_png/CHNCXR_0509_1.png,1,shenzhen,4846
data/raw/nlm/shenzhen/CXR_png/CHNCXR_0510_1.png,1,shenzhen,4847
data/raw/nlm/shenzhen/CXR_png/CHNCXR_0511_1.png,1,shenzhen,4848
data/raw/nlm/shenzhen/CXR_png/CHNCXR_0512_1.png,1,shenzhen,4849
data/raw/nlm/shenzhen/CXR_png/CHNCXR_0513_1.png,1,shenzhen,4850
data/raw/nlm/shenzhen/CXR_png/CHNCXR_0514_1.png,1,shenzhen,4851
data/raw/nlm/shenzhen/CXR_png/CHNCXR_0515_1.png,1,shenzhen,4852
data/raw/nlm/shenzhen/CXR_png/CHNCXR_0516_1.png,1,shenzhen,4853
data/raw/nlm/shenzhen/CXR_png/CHNCXR_0517_1.png,1,shenzhen,4854
data/raw/nlm/shenzhen/CXR_png/CHNCXR_0518_1.png,1,shenzhen,4855
data/raw/nlm/shenzhen/CXR_png/CHNCXR_0519_1.png,1,shenzhen,4809
data/raw/nlm/shenzhen/CXR_png/CHNCXR_0520_1.png,1,shenzhen,4857
data/raw/nlm/shenzhen/CXR_png/CHNCXR_0521_1.png,1,shenzhen,4858
data/raw/nlm/shenzhen/CXR_png/CHNCXR_0522_1.png,1,shenzhen,4859
data/raw/nlm/shenzhen/CXR_png/CHNCXR_0523_1.png,1,shenzhen,4860
data/raw/nlm/shenzhen/CXR_png/CHNCXR_0524_1.png,1,shenzhen,4861
data/raw/nlm/shenzhen/CXR_png/CHNCXR_0525_1.png,1,shenzhen,4862
data/raw/nlm/shenzhen/CXR_png/CHNCXR_0526_1.png,1,shenzhen,4863
data/raw/nlm/shenzhen/CXR_png/CHNCXR_0527_1.png,1,shenzhen,4864
data/raw/nlm/shenzhen/CXR_png/CHNCXR_0528_1.png,1,shenzhen,4865
data/raw/nlm/shenzhen/CXR_png/CHNCXR_0529_1.png,1,shenzhen,4866
data/raw/nlm/shenzhen/CXR_png/CHNCXR_0530_1.png,1,shenzhen,4867
data/raw/nlm/shenzhen/CXR_png/CHNCXR_0531_1.png,1,shenzhen,4868
data/raw/nlm/shenzhen/CXR_png/CHNCXR_0532_1.png,1,shenzhen,4869
data/raw/nlm/shenzhen/CXR_png/CHNCXR_0533_1.png,1,shenzhen,4870
data/raw/nlm/shenzhen/CXR_png/CHNCXR_0534_1.png,1,shenzhen,4871
data/raw/nlm/shenzhen/CXR_png/CHNCXR_0535_1.png,1,shenzhen,4872
data/raw/nlm/shenzhen/CXR_png/CHNCXR_0536_1.png,1,shenzhen,4873
data/raw/nlm/shenzhen/CXR_png/CHNCXR_0537_1.png,1,shenzhen,4874
data/raw/nlm/shenzhen/CXR_png/CHNCXR_0538_1.png,1,shenzhen,4875
data/raw/nlm/shenzhen/CXR_png/CHNCXR_0539_1.png,1,shenzhen,4876
data/raw/nlm/shenzhen/CXR_png/CHNCXR_0540_1.png,1,shenzhen,4877
data/raw/nlm/shenzhen/CXR_png/CHNCXR_0541_1.png,1,shenzhen,4878
data/raw/nlm/shenzhen/CXR_png/CHNCXR_0542_1.png,1,shenzhen,4879
data/raw/nlm/shenzhen/CXR_png/CHNCXR_0543_1.png,1,shenzhen,4880
data/raw/nlm/shenzhen/CXR_png/CHNCXR_0544_1.png,1,shenzhen,4881
data/raw/nlm/shenzhen/CXR_png/CHNCXR_0545_1.png,1,shenzhen,4882
data/raw/nlm/shenzhen/CXR_png/CHNCXR_0546_1.png,1,shenzhen,4883
data/raw/nlm/shenzhen/CXR_png/CHNCXR_0547_1.png,1,shenzhen,4884
data/raw/nlm/shenzhen/CXR_png/CHNCXR_0548_1.png,1,shenzhen,4885
data/raw/nlm/shenzhen/CXR_png/CHNCXR_0549_1.png,1,shenzhen,4886
data/raw/nlm/shenzhen/CXR_png/CHNCXR_0550_1.png,1,shenzhen,4887
data/raw/nlm/shenzhen/CXR_png/CHNCXR_0551_1.png,1,shenzhen,4888
data/raw/nlm/shenzhen/CXR_png/CHNCXR_0552_1.png,1,shenzhen,4889
data/raw/nlm/shenzhen/CXR_png/CHNCXR_0553_1.png,1,shenzhen,4890
data/raw/nlm/shenzhen/CXR_png/CHNCXR_0554_1.png,1,shenzhen,4891
data/raw/nlm/shenzhen/CXR_png/CHNCXR_0555_1.png,1,shenzhen,4892
data/raw/nlm/shenzhen/CXR_png/CHNCXR_0556_1.png,1,shenzhen,4893
data/raw/nlm/shenzhen/CXR_png/CHNCXR_0557_1.png,1,shenzhen,4894
data/raw/nlm/shenzhen/CXR_png/CHNCXR_0558_1.png,1,shenzhen,4895
data/raw/nlm/shenzhen/CXR_png/CHNCXR_0559_1.png,1,shenzhen,4896
data/raw/nlm/shenzhen/CXR_png/CHNCXR_0560_1.png,1,shenzhen,4897
data/raw/nlm/shenzhen/CXR_png/CHNCXR_0561_1.png,1,shenzhen,4898
data/raw/nlm/shenzhen/CXR_png/CHNCXR_0562_1.png,1,shenzhen,4899
data/raw/nlm/shenzhen/CXR_png/CHNCXR_0563_1.png,1,shenzhen,4900
data/raw/nlm/shenzhen/CXR_png/CHNCXR_0564_1.png,1,shenzhen,4901
data/raw/nlm/shenzhen/CXR_png/CHNCXR_0565_1.png,1,shenzhen,4902
data/raw/nlm/shenzhen/CXR_png/CHNCXR_0566_1.png,1,shenzhen,4903
data/raw/nlm/shenzhen/CXR_png/CHNCXR_0567_1.png,1,shenzhen,4904
data/raw/nlm/shenzhen/CXR_png/CHNCXR_0568_1.png,1,shenzhen,4905
data/raw/nlm/shenzhen/CXR_png/CHNCXR_0569_1.png,1,shenzhen,4906
data/raw/nlm/shenzhen/CXR_png/CHNCXR_0570_1.png,1,shenzhen,4907
data/raw/nlm/shenzhen/CXR_png/CHNCXR_0571_1.png,1,shenzhen,4908
data/raw/nlm/shenzhen/CXR_png/CHNCXR_0572_1.png,1,shenzhen,4909
data/raw/nlm/shenzhen/CXR_png/CHNCXR_0573_1.png,1,shenzhen,4910
data/raw/nlm/shenzhen/CXR_png/CHNCXR_0574_1.png,1,shenzhen,4911
data/raw/nlm/shenzhen/CXR_png/CHNCXR_0575_1.png,1,shenzhen,4912
data/raw/nlm/shenzhen/CXR_png/CHNCXR_0576_1.png,1,shenzhen,4913
data/raw/nlm/shenzhen/CXR_png/CHNCXR_0577_1.png,1,shenzhen,4914
data/raw/nlm/shenzhen/CXR_png/CHNCXR_0578_1.png,1,shenzhen,4915
data/raw/nlm/shenzhen/CXR_png/CHNCXR_0579_1.png,1,shenzhen,4916
data/raw/nlm/shenzhen/CXR_png/CHNCXR_0580_1.png,1,shenzhen,4917
data/raw/nlm/shenzhen/CXR_png/CHNCXR_0581_1.png,1,shenzhen,4918
data/raw/nlm/shenzhen/CXR_png/CHNCXR_0582_1.png,1,shenzhen,4919
data/raw/nlm/shenzhen/CXR_png/CHNCXR_0583_1.png,1,shenzhen,4920
data/raw/nlm/shenzhen/CXR_png/CHNCXR_0584_1.png,1,shenzhen,4921
data/raw/nlm/shenzhen/CXR_png/CHNCXR_0585_1.png,1,shenzhen,4922
data/raw/nlm/shenzhen/CXR_png/CHNCXR_0586_1.png,1,shenzhen,4923
data/raw/nlm/shenzhen/CXR_png/CHNCXR_0587_1.png,1,shenzhen,4924
data/raw/nlm/shenzhen/CXR_png/CHNCXR_0588_1.png,1,shenzhen,4925
data/raw/nlm/shenzhen/CXR_png/CHNCXR_0589_1.png,1,shenzhen,4926
data/raw/nlm/shenzhen/CXR_png/CHNCXR_0590_1.png,1,shenzhen,4927
data/raw/nlm/shenzhen/CXR_png/CHNCXR_0591_1.png,1,shenzhen,4928
data/raw/nlm/shenzhen/CXR_png/CHNCXR_0592_1.png,1,shenzhen,4929
data/raw/nlm/shenzhen/CXR_png/CHNCXR_0593_1.png,1,shenzhen,4930
data/raw/nlm/shenzhen/CXR_png/CHNCXR_0594_1.png,1,shenzhen,4931
data/raw/nlm/shenzhen/CXR_png/CHNCXR_0595_1.png,1,shenzhen,4932
data/raw/nlm/shenzhen/CXR_png/CHNCXR_0596_1.png,1,shenzhen,4933
data/raw/nlm/shenzhen/CXR_png/CHNCXR_0597_1.png,1,shenzhen,4934
data/raw/nlm/shenzhen/CXR_png/CHNCXR_0598_1.png,1,shenzhen,4935
data/raw/nlm/shenzhen/CXR_png/CHNCXR_0599_1.png,1,shenzhen,4936
data/raw/nlm/shenzhen/CXR_png/CHNCXR_0600_1.png,1,shenzhen,4937
data/raw/nlm/shenzhen/CXR_png/CHNCXR_0601_1.png,1,shenzhen,4938
data/raw/nlm/shenzhen/CXR_png/CHNCXR_0602_1.png,1,shenzhen,4939
data/raw/nlm/shenzhen/CXR_png/CHNCXR_0603_1.png,1,shenzhen,4940
data/raw/nlm/shenzhen/CXR_png/CHNCXR_0604_1.png,1,shenzhen,4941
data/raw/nlm/shenzhen/CXR_png/CHNCXR_0605_1.png,1,shenzhen,4942
data/raw/nlm/shenzhen/CXR_png/CHNCXR_0606_1.png,1,shenzhen,4943
data/raw/nlm/shenzhen/CXR_png/CHNCXR_0607_1.png,1,shenzhen,4944
data/raw/nlm/shenzhen/CXR_png/CHNCXR_0608_1.png,1,shenzhen,4945
data/raw/nlm/shenzhen/CXR_png/CHNCXR_0609_1.png,1,shenzhen,4946
data/raw/nlm/shenzhen/CXR_png/CHNCXR_0610_1.png,1,shenzhen,4947
data/raw/nlm/shenzhen/CXR_png/CHNCXR_0611_1.png,1,shenzhen,4948
data/raw/nlm/shenzhen/CXR_png/CHNCXR_0612_1.png,1,shenzhen,4949
data/raw/nlm/shenzhen/CXR_png/CHNCXR_0613_1.png,1,shenzhen,4950
data/raw/nlm/shenzhen/CXR_png/CHNCXR_0614_1.png,1,shenzhen,4951
data/raw/nlm/shenzhen/CXR_png/CHNCXR_0615_1.png,1,shenzhen,4952
data/raw/nlm/shenzhen/CXR_png/CHNCXR_0616_1.png,1,shenzhen,4953
data/raw/nlm/shenzhen/CXR_png/CHNCXR_0617_1.png,1,shenzhen,4954
data/raw/nlm/shenzhen/CXR_png/CHNCXR_0618_1.png,1,shenzhen,4955
data/raw/nlm/shenzhen/CXR_png/CHNCXR_0619_1.png,1,shenzhen,4956
data/raw/nlm/shenzhen/CXR_png/CHNCXR_0620_1.png,1,shenzhen,4957
data/raw/nlm/shenzhen/CXR_png/CHNCXR_0621_1.png,1,shenzhen,4958
data/raw/nlm/shenzhen/CXR_png/CHNCXR_0622_1.png,1,shenzhen,4959
data/raw/nlm/shenzhen/CXR_png/CHNCXR_0623_1.png,1,shenzhen,4960
data/raw/nlm/shenzhen/CXR_png/CHNCXR_0624_1.png,1,shenzhen,4961
data/raw/nlm/shenzhen/CXR_png/CHNCXR_0625_1.png,1,shenzhen,4962
data/raw/nlm/shenzhen/CXR_png/CHNCXR_0626_1.png,1,shenzhen,4963
data/raw/nlm/shenzhen/CXR_png/CHNCXR_0627_1.png,1,shenzhen,4964
data/raw/nlm/shenzhen/CXR_png/CHNCXR_0628_1.png,1,shenzhen,4965
data/raw/nlm/shenzhen/CXR_png/CHNCXR_0629_1.png,1,shenzhen,4966
data/raw/nlm/shenzhen/CXR_png/CHNCXR_0630_1.png,1,shenzhen,4967
data/raw/nlm/shenzhen/CXR_png/CHNCXR_0631_1.png,1,shenzhen,4968
data/raw/nlm/shenzhen/CXR_png/CHNCXR_0632_1.png,1,shenzhen,4969
data/raw/nlm/shenzhen/CXR_png/CHNCXR_0633_1.png,1,shenzhen,4970
data/raw/nlm/shenzhen/CXR_png/CHNCXR_0634_1.png,1,shenzhen,4971
data/raw/nlm/shenzhen/CXR_png/CHNCXR_0635_1.png,1,shenzhen,4972
data/raw/nlm/shenzhen/CXR_png/CHNCXR_0636_1.png,1,shenzhen,4973
data/raw/nlm/shenzhen/CXR_png/CHNCXR_0637_1.png,1,shenzhen,4974
data/raw/nlm/shenzhen/CXR_png/CHNCXR_0638_1.png,1,shenzhen,4975
data/raw/nlm/shenzhen/CXR_png/CHNCXR_0639_1.png,1,shenzhen,4976
data/raw/nlm/shenzhen/CXR_png/CHNCXR_0640_1.png,1,shenzhen,4977
data/raw/nlm/shenzhen/CXR_png/CHNCXR_0641_1.png,1,shenzhen,4978
data/raw/nlm/shenzhen/CXR_png/CHNCXR_0642_1.png,1,shenzhen,4979
data/raw/nlm/shenzhen/CXR_png/CHNCXR_0643_1.png,1,shenzhen,4980
data/raw/nlm/shenzhen/CXR_png/CHNCXR_0644_1.png,1,shenzhen,4981
data/raw/nlm/shenzhen/CXR_png/CHNCXR_0645_1.png,1,shenzhen,4982
data/raw/nlm/shenzhen/CXR_png/CHNCXR_0646_1.png,1,shenzhen,4983
data/raw/nlm/shenzhen/CXR_png/CHNCXR_0647_1.png,1,shenzhen,4984
data/raw/nlm/shenzhen/CXR_png/CHNCXR_0648_1.png,1,shenzhen,4985
data/raw/nlm/shenzhen/CXR_png/CHNCXR_0649_1.png,1,shenzhen,4986
data/raw/nlm/shenzhen/CXR_png/CHNCXR_0650_1.png,1,shenzhen,4987
data/raw/nlm/shenzhen/CXR_png/CHNCXR_0651_1.png,1,shenzhen,4988
data/raw/nlm/shenzhen/CXR_png/CHNCXR_0652_1.png,1,shenzhen,4989
data/raw/nlm/shenzhen/CXR_png/CHNCXR_0653_1.png,1,shenzhen,4990
data/raw/nlm/shenzhen/CXR_png/CHNCXR_0654_1.png,1,shenzhen,4991
data/raw/nlm/shenzhen/CXR_png/CHNCXR_0655_1.png,1,shenzhen,4992
data/raw/nlm/shenzhen/CXR_png/CHNCXR_0656_1.png,1,shenzhen,4993
data/raw/nlm/shenzhen/CXR_png/CHNCXR_0657_1.png,1,shenzhen,4994
data/raw/nlm/shenzhen/CXR_png/CHNCXR_0658_1.png,1,shenzhen,4995
data/raw/nlm/shenzhen/CXR_png/CHNCXR_0659_1.png,1,shenzhen,4996
data/raw/nlm/shenzhen/CXR_png/CHNCXR_0660_1.png,1,shenzhen,4997
data/raw/nlm/shenzhen/CXR_png/CHNCXR_0661_1.png,1,shenzhen,4998
data/raw/nlm/shenzhen/CXR_png/CHNCXR_0662_1.png,1,shenzhen,4999
