filename,corpus,sex,age,reading,scar_flag
MCUCXR_0001_0.png,montgomery,F,27,normal,0
MCUCXR_0002_0.png,montgomery,F,40,normal,0
MCUCXR_0003_0.png,montgomery,F,21,normal,0
MCUCXR_0004_0.png,montgomery,F,11,normal,0
MCUCXR_0005_0.png,montgomery,M,33,normal,0
MCUCXR_0006_0.png,montgomery,F,70,normal,0
MCUCXR_0008_0.png,montgomery,F,53,normal,0
MCUCXR_0011_0.png,montgomery,F,29,normal,0
MCUCXR_0013_0.png,montgomery,F,47,normal,0
MCUCXR_0015_0.png,montgomery,M,48,normal,0
MCUCXR_0016_0.png,montgomery,F,52,normal,0
MCUCXR_0017_0.png,montgomery,M,8,normal,0
MCUCXR_0019_0.png,montgomery,M,33,normal,0
MCUCXR_0020_0.png,montgomery,M,24,normal,0
MCUCXR_0021_0.png,montgomery,F,41,normal,0
MCUCXR_0022_0.png,montgomery,M,54,normal,0
MCUCXR_0023_0.png,montgomery,M,54,normal,0
MCUCXR_0024_0.png,montgomery,F,37,normal,0
MCUCXR_0026_0.png,montgomery,F,10,normal,0
MCUCXR_0027_0.png,montgomery,F,38,normal,0
MCUCXR_0028_0.png,montgomery,F,31,normal,0
MCUCXR_0029_0.png,montgomery,F,19,normal,0
MCUCXR_0030_0.png,montgomery,M,53,normal,0
MCUCXR_0031_0.png,montgomery,M,53,normal,0
MCUCXR_0035_0.png,montgomery,F,20,normal,0
MCUCXR_0038_0.png,montgomery,F,31,normal,0
MCUCXR_0040_0.png,montgomery,F,50,normal,0
MCUCXR_0041_0.png,montgomery,F,11,normal,0
MCUCXR_0042_0.png,montgomery,M,9,normal,0
MCUCXR_0043_0.png,montgomery,M,48,normal,0
MCUCXR_0044_0.png,montgomery,F,34,normal,0
MCUCXR_0045_0.png,montgomery,M,52,normal,0
MCUCXR_0046_0.png,montgomery,F,16,normal,0
MCUCXR_0047_0.png,montgomery,F,35,normal,0
MCUCXR_0048_0.png,montgomery,F,26,normal,0
MCUCXR_0049_0.png,montgomery,F,28,normal,0
MCUCXR_0051_0.png,montgomery,M,21,normal,0
MCUCXR_0052_0.png,montgomery,F,30,normal,0
MCUCXR_0053_0.png,montgomery,F,30,normal,0
MCUCXR_0054_0.png,montgomery,F,25,normal,0
MCUCXR_0055_0.png,montgomery,M,20,normal,0
MCUCXR_0056_0.png,montgomery,F,32,normal,0
MCUCXR_0057_0.png,montgomery,F,32,normal,0
MCUCXR_0058_0.png,montgomery,F,44,normal,0
MCUCXR_0059_0.png,montgomery,F,35,normal,0
MCUCXR_0060_0.png,montgomery,M,4,normal,0
MCUCXR_0061_0.png,montgomery,F,8,normal,0
MCUCXR_0062_0.png,montgomery,F,25,normal,0
MCUCXR_0063_0.png,montgomery,F,34,normal,0
MCUCXR_0064_0.png,montgomery,F,47,normal,0
MCUCXR_0068_0.png,montgomery,F,56,normal,0
MCUCXR_0069_0.png,montgomery,M,50,normal,0
MCUCXR_0070_0.png,montgomery,F,45,normal,0
MCUCXR_0071_0.png,montgomery,F,33,normal,0
MCUCXR_0072_0.png,montgomery,F,43,normal,0
MCUCXR_0074_0.png,montgomery,F,56,normal,0
MCUCXR_0075_0.png,montgomery,M,14,normal,0
MCUCXR_0077_0.png,montgomery,F,8,normal,0
MCUCXR_0079_0.png,montgomery,M,44,normal,0
MCUCXR_0080_0.png,montgomery,,5,normal,0
MCUCXR_0081_0.png,montgomery,F,18,normal,0
MCUCXR_0082_0.png,montgomery,F,20,normal,0
MCUCXR_0083_0.png,montgomery,M,52,normal,0
MCUCXR_0084_0.png,montgomery,F,43,normal,0
MCUCXR_0085_0.png,montgomery,F,56,normal,0
MCUCXR_0086_0.png,montgomery,F,28,normal,0
MCUCXR_0087_0.png,montgomery,F,44,normal,0
MCUCXR_0089_0.png,montgomery,M,44,normal,0
MCUCXR_0090_0.png,montgomery,M,44,normal,0
MCUCXR_0091_0.png,montgomery,M,23,normal,0
MCUCXR_0092_0.png,montgomery,M,44,normal,0
MCUCXR_0094_0.png,montgomery,F,65,normal,0
MCUCXR_0095_0.png,montgomery,M,53,normal,0
MCUCXR_0096_0.png,montgomery,F,43,normal,0
MCUCXR_0097_0.png,montgomery,F,16,normal,0
MCUCXR_0099_0.png,montgomery,F,30,normal,0
MCUCXR_0100_0.png,montgomery,F,39,normal,0
MCUCXR_0101_0.png,montgomery,F,17,normal,0
MCUCXR_0102_0.png,montgomery,M,45,normal,0
MCUCXR_0103_0.png,montgomery,M,32,normal,0
MCUCXR_0104_1.png,montgomery,M,59,"inactive TB scars LUL, unchanged for 2Y, pt previously treated DOT (17Y ago) for pan-sensitive disease",1
MCUCXR_0108_1.png,montgomery,M,40,extensive cavitary TB smear and culture positive involving LUL lungula and some areas in rt lung as well; pt had previously normal CXR (1Y ago) but positive TST and contact with active case,0
MCUCXR_0113_1.png,montgomery,F,84,bilateral miliary nodules diffusely with RML infiltrate and right pleural effusion; an old calcified granuloma is present behind heart in the LLL; all findings consistent with active TB,0
MCUCXR_0117_1.png,montgomery,F,85,stable CXR since 6M; off Rx since 6M (same pt as MCUCXR_0113_1),0
MCUCXR_0126_1.png,montgomery,M,46,"large right pleural effusion, positive TST, TB pleural effusion likely",0
MCUCXR_0140_1.png,montgomery,M,34,small LUL calcified granuloma; pt on rx for culture positive psoas abscess with abdominal lymphadenopathy since 6M,0
MCUCXR_0141_1.png,montgomery,M,27,"LUL infiltrate, ? small areas of cavitation, IMP: active TB",0
MCUCXR_0142_1.png,montgomery,F,43,cavitary infiltrate near left hilum consistent with TB in superior segment LLL,0
MCUCXR_0144_1.png,montgomery,M,67,"smear positive, active TB LUL apex",0
MCUCXR_0150_1.png,montgomery,M,32,"extensive infiltrates bilaterally with large cavity in RUL and a moderate pleural effusion on the left. AFB smears and RNA probes pos for MTB. Active TB, cavitary.",0
MCUCXR_0162_1.png,montgomery,M,49,"RUL apical fibrotic disease with some calcifications; extensive irregular infiltrates in left lung with a large area of cavitation/ findings consistent with old inactive disease in RL and new active TB in LL. On the lordotic view, in the rt apex a large thin walled cavity is visible, making active disease in the area likely as well.",1
MCUCXR_0166_1.png,montgomery,M,49,NO REPORT (same pt as MCUCXR_0162_1),0
MCUCXR_0170_1.png,montgomery,M,49,"CXR similar to prior views 1M and 2M ago with some slight improvement; on HRZ(E)x2 months, AFB smears neg now, will switch to HR only (same pt as MCUCXR_0166_1, MCUCXR_0162_1)",0
MCUCXR_0173_1.png,montgomery,M,54,"improved infiltrates in both lungs; a cavity is now visible in lingula compared with 1M ago. culture positive, pan-sensitive, on HRZ(E) since 1M",0
MCUCXR_0182_1.png,montgomery,M,30,"pleural TB, on treatment",0
MCUCXR_0188_1.png,montgomery,M,61,"cavitary disease RUL with possible small loculated pneumothorax adjacent; has multiuple coarse nodules in RLL as well as lesser amounts in LLL; pt has h/o prior treatment 1Y (6Y ago); no comparison films available; relapsed disease highly likely. pt grew NTM from several specimens, not MTB.",0
MCUCXR_0194_1.png,montgomery,M,73,"h/o TB rx in xxx 44Y ago with IN PAS SM; has rt apical dense fibrosis, calcification rt lower lung and pleural angle blunting; all compared with inactive disease and h/o treatment.",1
MCUCXR_0195_1.png,montgomery,F,44,has inactive appearing scars in LUL; h/o treatment in hospital 17Y ago for 6M in xxx. No comparison films. Recommend followup CXR in 6M. Findings consistent with inactive treated disease.,1
MCUCXR_0196_1.png,montgomery,F,26,"dense scarring in LUL with volume loss, lesser scarring in RUL; appears similar to old filmes from 3Y ago and 4Y ago. Treated 4Y ago for 6M for INH resistant TB",1
MCUCXR_0203_1.png,montgomery,M,68,"bilateral changes of cavitary TB in upper lobes, more extensive on the right; the RML appears to be involved as well.",0
MCUCXR_0213_1.png,montgomery,F,89,inactive scars RML. has completed treatment,1
MCUCXR_0218_1.png,montgomery,F,46,inactive and partly calcified scars and granulomas in RUL. pt completed 4HRZE 4HP DOT for neg culture smear (positive disease),1
MCUCXR_0223_1.png,montgomery,M,67,improving infiltrate in LUL,0
MCUCXR_0228_1.png,montgomery,M,32,"positive improvement in cavities, infiltrates, and left effusion",0
MCUCXR_0243_1.png,montgomery,M,54,"improving infiltrate, active TB",0
MCUCXR_0251_1.png,montgomery,F,77,RUL fibrocavitary disease with volume loss and tracheal deviation to right; COPD scoliosis;,1
MCUCXR_0253_1.png,montgomery,M,31,worsening diffuse infiltrate bilaterally with fine nodular appearance; recent PCP treatment; recurrent PCP likely although miliary TB is also observed.,0
MCUCXR_0254_1.png,montgomery,M,33,stable inactive scars in RUL; post treatment for abscillary TB,1
MCUCXR_0255_1.png,montgomery,M,33,stable inactive scars in RUL; post treatment for abscillary TB,1
MCUCXR_0258_1.png,montgomery,F,88,active PTB with compicating CHF condition,0
MCUCXR_0264_1.png,montgomery,M,15,active TB; cavitary infiltrarte LUL; non-consolidated;,0
MCUCXR_0266_1.png,montgomery,M,47,peripheral homogeneous infiltrate LUL; active pneumonia likely,0
MCUCXR_0275_1.png,montgomery,M,34,inactive scars unchanged for 6M,1
MCUCXR_0282_1.png,montgomery,M,51,inactive TB scars,1
MCUCXR_0289_1.png,montgomery,M,52,RUL cavitary infiltrate; positive smear,0
MCUCXR_0294_1.png,montgomery,F,63,inactive TB scars LUL,1
MCUCXR_0301_1.png,montgomery,M,47,"persistent rt pleural peel with some interval improvement with focal atelectasis in rt lung; anterior wedging of T5, T6 with loss of intervertebral disc space. Findings consistent with h/o spinal TB and pleural TB. Currently on Rx.",0
MCUCXR_0309_1.png,montgomery,F,89,"improvements after Rx. Has pleural, pulmonary, and probably percardial TB, pan-sensitive",0
MCUCXR_0311_1.png,montgomery,F,89,on Rx for culture proven TB. has been clearing of infiltrates in te rt lung. thre is some re-accomodation of pleural fluid along lateral left chest wall.,0
MCUCXR_0313_1.png,montgomery,M,15,improvements. LUL cavity has closed.,0
MCUCXR_0316_1.png,montgomery,M,16,improved LUL infiltrate and cavity. Active TB on therapy.,0
MCUCXR_0331_1.png,montgomery,M,47,inactive appearing RUL TB scars,1
MCUCXR_0334_1.png,montgomery,M,24,RUL infiltrate consistent with TB,0
MCUCXR_0338_1.png,montgomery,M,35,LUL inactive scars and some volume loss. h/o treatment 5 years ago.,1
MCUCXR_0348_1.png,montgomery,F,69,scoliosis to the left with some scarring in LLL and over the left apex; calcified granuloma in the rt lung. could be related to old TB.,1
MCUCXR_0350_1.png,montgomery,M,36,suspicious active disease,0
MCUCXR_0352_1.png,montgomery,F,25,"12x9mm nodule LUL, consistent with large granuloma or some other type of a solitary pulmonary nodule",0
MCUCXR_0354_1.png,montgomery,M,46,bilateral calcified granulomas scars consistent with inactive TB.,1
MCUCXR_0362_1.png,montgomery,M,61,rt pleural effusion with some nodular infiltrate in rt lower lung; there are findings also of previous cardiac surgery; suspicious for active TB.,0
MCUCXR_0367_1.png,montgomery,F,31,cavitary fibronodular infiltrate RUL. typical appearance of active TB.,1
MCUCXR_0369_1.png,montgomery,F,31,cavitary nodular infiltrate in RUL; active TB,0
MCUCXR_0372_1.png,montgomery,F,49,rt pleural effusion some infoltrate likely in outer RUL,0
MCUCXR_0375_1.png,montgomery,F,49,improving rt pleural effusion and the RUL infiltrate is less apparent,0
MCUCXR_0383_1.png,montgomery,F,14,calcified granuloma LUL behind 4th rib anterior,0
MCUCXR_0387_1.png,montgomery,M,42,inactive scars RUL,1
MCUCXR_0390_1.png,montgomery,M,52,Rt apical scarring. LUL scars and some infiltrates as well; findings consistent with TB; ?active,1
MCUCXR_0393_1.png,montgomery,F,30,left pleural effusion; best seen on lateral view; with some scar and soft infiltrates in the LUL on the PA and lordotic views; active TB on pleura and lung likely,1
MCUCXR_0399_1.png,montgomery,F,63,large infiltrate RUL with cavitation plus infiltrate in RML. consistent with active cavitary TB,0
CHNCXR_0001_0.png,shenzhen,M,45,normal,0
CHNCXR_0002_0.png,shenzhen,M,63,normal,0
CHNCXR_0003_0.png,shenzhen,F,48,normal,0
CHNCXR_0004_0.png,shenzhen,M,58,normal,0
CHNCXR_0005_0.png,shenzhen,M,28,normal,0
CHNCXR_0006_0.png,shenzhen,M,60,normal,0
CHNCXR_0007_0.png,shenzhen,F,53,normal,0
CHNCXR_0008_0.png,shenzhen,M,48,normal,0
CHNCXR_0009_0.png,shenzhen,F,71,normal,0
CHNCXR_0010_0.png,shenzhen,F,59,normal,0
CHNCXR_0011_0.png,shenzhen,M,43,normal,0
CHNCXR_0012_0.png,shenzhen,M,39,normal,0
CHNCXR_0013_0.png,shenzhen,M,41,normal,0
CHNCXR_0014_0.png,shenzhen,M,39,normal,0
CHNCXR_0015_0.png,shenzhen,F,28,normal,0
CHNCXR_0016_0.png,shenzhen,F,57,normal,0
CHNCXR_0017_0.png,shenzhen,M,35,normal,0
CHNCXR_0019_0.png,shenzhen,M,27,normal,0
CHNCXR_0020_0.png,shenzhen,M,32,normal,0
CHNCXR_0021_0.png,shenzhen,F,38,normal,0
CHNCXR_0022_0.png,shenzhen,M,56,normal,0
CHNCXR_0023_0.png,shenzhen,M,32,normal,0
CHNCXR_0024_0.png,shenzhen,M,22,normal,0
CHNCXR_0025_0.png,shenzhen,M,29,normal,0
CHNCXR_0026_0.png,shenzhen,M,29,normal,0
CHNCXR_0027_0.png,shenzhen,F,57,normal,0
CHNCXR_0028_0.png,shenzhen,M,39,normal,0
CHNCXR_0029_0.png,shenzhen,M,43,normal,0
CHNCXR_0030_0.png,shenzhen,F,38,normal,0
CHNCXR_0031_0.png,shenzhen,F,27,normal,0
CHNCXR_0032_0.png,shenzhen,F,53,normal,0
CHNCXR_0033_0.png,shenzhen,M,34,normal,0
CHNCXR_0034_0.png,shenzhen,F,60,normal,0
CHNCXR_0035_0.png,shenzhen,F,59,normal,0
CHNCXR_0036_0.png,shenzhen,M,26,normal,0
CHNCXR_0037_0.png,shenzhen,M,24,normal,0
CHNCXR_0038_0.png,shenzhen,M,27,normal,0
CHNCXR_0039_0.png,shenzhen,M,23,normal,0
CHNCXR_0040_0.png,shenzhen,F,55,normal,0
CHNCXR_0041_0.png,shenzhen,M,32,normal,0
CHNCXR_0042_0.png,shenzhen,M,58,normal,0
CHNCXR_0043_0.png,shenzhen,M,38,normal,0
CHNCXR_0044_0.png,shenzhen,,32,normal,0
CHNCXR_0045_0.png,shenzhen,,60,normal,0
CHNCXR_0046_0.png,shenzhen,M,44,normal,0
CHNCXR_0047_0.png,shenzhen,M,34,normal,0
CHNCXR_0048_0.png,shenzhen,M,23,normal,0
CHNCXR_0049_0.png,shenzhen,F,35,normal,0
CHNCXR_0050_0.png,shenzhen,F,38,normal,0
CHNCXR_0051_0.png,shenzhen,F,63,normal,0
CHNCXR_0052_0.png,shenzhen,F,35,normal,0
CHNCXR_0053_0.png,shenzhen,M,52,normal,0
CHNCXR_0054_0.png,shenzhen,F,25,normal,0
CHNCXR_0055_0.png,shenzhen,M,41,normal,0
CHNCXR_0056_0.png,shenzhen,M,48,normal,0
CHNCXR_0057_0.png,shenzhen,F,54,normal,0
CHNCXR_0058_0.png,shenzhen,F,56,normal,0
CHNCXR_0059_0.png,shenzhen,M,68,normale,0
CHNCXR_0060_0.png,shenzhen,F,33,normal,0
CHNCXR_0061_0.png,shenzhen,M,23,normal,0
CHNCXR_0062_0.png,shenzhen,F,28,normal,0
CHNCXR_0063_0.png,shenzhen,F,29,normal,0
CHNCXR_0064_0.png,shenzhen,M,36,normal,0
CHNCXR_0065_0.png,shenzhen,F,22,normal,0
CHNCXR_0066_0.png,shenzhen,M,36,normal,0
CHNCXR_0067_0.png,shenzhen,M,32,normal,0
CHNCXR_0068_0.png,shenzhen,M,31,normal,0
CHNCXR_0069_0.png,shenzhen,F,46,normal,0
CHNCXR_0070_0.png,shenzhen,F,20,normal,0
CHNCXR_0071_0.png,shenzhen,F,39,normal,0
CHNCXR_0072_0.png,shenzhen,M,25,normal,0
CHNCXR_0073_0.png,shenzhen,F,34,normal,0
CHNCXR_0074_0.png,shenzhen,M,3,normal,0
CHNCXR_0075_0.png,shenzhen,F,1,normal,0
CHNCXR_0076_0.png,shenzhen,M,1,normal,0
CHNCXR_0077_0.png,shenzhen,M,28,normal,0
CHNCXR_0078_0.png,shenzhen,M,31,normal,0
CHNCXR_0079_0.png,shenzhen,M,30,normal,0
CHNCXR_0080_0.png,shenzhen,M,39,normal,0
CHNCXR_0081_0.png,shenzhen,M,37,normal,0
CHNCXR_0082_0.png,shenzhen,M,45,normal,0
CHNCXR_0083_0.png,shenzhen,M,37,normal,0
CHNCXR_0084_0.png,shenzhen,F,27,normal,0
CHNCXR_0085_0.png,shenzhen,M,42,normal,0
CHNCXR_0086_0.png,shenzhen,F,53,normal,0
CHNCXR_0087_0.png,shenzhen,M,28,normal,0
CHNCXR_0088_0.png,shenzhen,M,30,normal,0
CHNCXR_0089_0.png,shenzhen,M,39,normal,0
CHNCXR_0090_0.png,shenzhen,M,39,normal,0
CHNCXR_0091_0.png,shenzhen,M,37,normal,0
CHNCXR_0092_0.png,shenzhen,M,37,normal,0
CHNCXR_0093_0.png,shenzhen,M,27,normal,0
CHNCXR_0094_0.png,shenzhen,F,24,normal,0
CHNCXR_0095_0.png,shenzhen,M,18,normal,0
CHNCXR_0096_0.png,shenzhen,,69,normal,0
CHNCXR_0097_0.png,shenzhen,F,30,normal,0
CHNCXR_0098_0.png,shenzhen,M,54,normal,0
CHNCXR_0099_0.png,shenzhen,F,26,normal,0
CHNCXR_0100_0.png,shenzhen,M,25,normal,0
CHNCXR_0101_0.png,shenzhen,M,23,normal,0
CHNCXR_0102_0.png,shenzhen,F,25,normal,0
CHNCXR_0103_0.png,shenzhen,F,25,normal,0
CHNCXR_0104_0.png,shenzhen,M,43,normal,0
CHNCXR_0105_0.png,shenzhen,M,22,normal,0
CHNCXR_0106_0.png,shenzhen,M,26,normal,0
CHNCXR_0107_0.png,shenzhen,F,36,normal,0
CHNCXR_0108_0.png,shenzhen,M,22,normal,0
CHNCXR_0109_0.png,shenzhen,F,21,normal,0
CHNCXR_0110_0.png,shenzhen,M,42,normal,0
CHNCXR_0111_0.png,shenzhen,M,44,normal,0
CHNCXR_0112_0.png,shenzhen,M,33,normal,0
CHNCXR_0113_0.png,shenzhen,M,30,normal,0
CHNCXR_0114_0.png,shenzhen,M,20,normal,0
CHNCXR_0116_0.png,shenzhen,M,49,normal,0
CHNCXR_0117_0.png,shenzhen,M,48,normal,0
CHNCXR_0118_0.png,shenzhen,F,26,normal,0
CHNCXR_0119_0.png,shenzhen,M,20,normal,0
CHNCXR_0120_0.png,shenzhen,M,19,normal,0
CHNCXR_0121_0.png,shenzhen,M,21,normal,0
CHNCXR_0122_0.png,shenzhen,F,20,normal,0
CHNCXR_0123_0.png,shenzhen,F,64,normal,0
CHNCXR_0124_0.png,shenzhen,M,34,normal,0
CHNCXR_0125_0.png,shenzhen,M,30,normal,0
CHNCXR_0126_0.png,shenzhen,F,65,normal,0
CHNCXR_0127_0.png,shenzhen,F,24,normal,0
CHNCXR_0128_0.png,shenzhen,M,28,normal,0
CHNCXR_0129_0.png,shenzhen,F,43,normal,0
CHNCXR_0130_0.png,shenzhen,M,26,normal,0
CHNCXR_0131_0.png,shenzhen,M,19,normal,0
CHNCXR_0132_0.png,shenzhen,F,50,normal,0
CHNCXR_0133_0.png,shenzhen,M,28,normal,0
CHNCXR_0134_0.png,shenzhen,M,29,normal,0
CHNCXR_0135_0.png,shenzhen,M,20,normal,0
CHNCXR_0136_0.png,shenzhen,M,30,normal,0
CHNCXR_0137_0.png,shenzhen,M,24,normal,0
CHNCXR_0138_0.png,shenzhen,F,30,normal,0
CHNCXR_0139_0.png,shenzhen,F,27,normal,0
CHNCXR_0140_0.png,shenzhen,F,39,normal,0
CHNCXR_0141_0.png,shenzhen,F,36,normal,0
CHNCXR_0142_0.png,shenzhen,M,22,normal,0
CHNCXR_0143_0.png,shenzhen,F,47,normal,0
CHNCXR_0144_0.png,shenzhen,M,31,normal,0
CHNCXR_0145_0.png,shenzhen,M,45,normal,0
CHNCXR_0146_0.png,shenzhen,M,22,normal,0
CHNCXR_0147_0.png,shenzhen,M,23,normal,0
CHNCXR_0148_0.png,shenzhen,M,24,normal,0
CHNCXR_0149_0.png,shenzhen,M,31,normal,0
CHNCXR_0150_0.png,shenzhen,M,45,normal,0
CHNCXR_0151_0.png,shenzhen,F,25,normal,0
CHNCXR_0152_0.png,shenzhen,F,24,normal,0
CHNCXR_0153_0.png,shenzhen,F,37,normal,0
CHNCXR_0154_0.png,shenzhen,M,31,normal,0
CHNCXR_0155_0.png,shenzhen,M,5,normal,0
CHNCXR_0156_0.png,shenzhen,F,38,normal,0
CHNCXR_0157_0.png,shenzhen,M,23,normal,0
CHNCXR_0158_0.png,shenzhen,F,36,normal,0
CHNCXR_0159_0.png,shenzhen,M,22,normal,0
CHNCXR_0160_0.png,shenzhen,F,23,normal,0
CHNCXR_0161_0.png,shenzhen,F,48,normal,0
CHNCXR_0162_0.png,shenzhen,M,23,normal,0
CHNCXR_0163_0.png,shenzhen,M,28,normal,0
CHNCXR_0164_0.png,shenzhen,M,53,normal,0
CHNCXR_0165_0.png,shenzhen,M,39,normal,0
CHNCXR_0166_0.png,shenzhen,F,31,normal,0
CHNCXR_0167_0.png,shenzhen,M,47,normal,0
CHNCXR_0168_0.png,shenzhen,M,27,normal,0
CHNCXR_0169_0.png,shenzhen,M,2,normal,0
CHNCXR_0170_0.png,shenzhen,M,23,normal,0
CHNCXR_0171_0.png,shenzhen,M,19,normal,0
CHNCXR_0172_0.png,shenzhen,F,26,normal,0
CHNCXR_0173_0.png,shenzhen,M,28,normal,0
CHNCXR_0174_0.png,shenzhen,M,68,normal,0
CHNCXR_0175_0.png,shenzhen,F,70,normal,0
CHNCXR_0176_0.png,shenzhen,F,64,normal,0
CHNCXR_0177_0.png,shenzhen,M,19,normal,0
CHNCXR_0178_0.png,shenzhen,M,1,normal,0
CHNCXR_0179_0.png,shenzhen,M,22,normal,0
CHNCXR_0180_0.png,shenzhen,F,36,normal,0
CHNCXR_0181_0.png,shenzhen,F,43,normal,0
CHNCXR_0182_0.png,shenzhen,M,37,normal,0
CHNCXR_0183_0.png,shenzhen,M,32,normal,0
CHNCXR_0184_0.png,shenzhen,F,33,normal,0
CHNCXR_0185_0.png,shenzhen,M,44,normal,0
CHNCXR_0186_0.png,shenzhen,M,44,normal,0
CHNCXR_0187_0.png,shenzhen,M,23,normal,0
CHNCXR_0188_0.png,shenzhen,M,25,normal,0
CHNCXR_0189_0.png,shenzhen,M,27,normal,0
CHNCXR_0190_0.png,shenzhen,M,34,normal,0
CHNCXR_0191_0.png,shenzhen,M,33,normal,0
CHNCXR_0192_0.png,shenzhen,M,24,normal,0
CHNCXR_0193_0.png,shenzhen,F,24,normal,0
CHNCXR_0194_0.png,shenzhen,M,23,normal,0
CHNCXR_0195_0.png,shenzhen,M,26,normal,0
CHNCXR_0196_0.png,shenzhen,M,26,normal,0
CHNCXR_0197_0.png,shenzhen,M,36,normal,0
CHNCXR_0198_0.png,shenzhen,M,26,normal,0
CHNCXR_0199_0.png,shenzhen,F,26,normal,0
CHNCXR_0200_0.png,shenzhen,M,24,normal,0
CHNCXR_0203_0.png,shenzhen,M,25,normal,0
CHNCXR_0204_0.png,shenzhen,M,24,normal,0
CHNCXR_0206_0.png,shenzhen,M,3,normal,0
CHNCXR_0207_0.png,shenzhen,M,25,normal,0
CHNCXR_0208_0.png,shenzhen,F,30,normal,0
CHNCXR_0209_0.png,shenzhen,M,25,normal,0
CHNCXR_0210_0.png,shenzhen,M,27,normal,0
CHNCXR_0211_0.png,shenzhen,M,27,normal,0
CHNCXR_0212_0.png,shenzhen,M,32,normal,0
CHNCXR_0213_0.png,shenzhen,M,43,normal,0
CHNCXR_0214_0.png,shenzhen,M,31,normal,0
CHNCXR_0215_0.png,shenzhen,M,4,normal,0
CHNCXR_0216_0.png,shenzhen,M,40,normal,0
CHNCXR_0217_0.png,shenzhen,F,28,normal,0
CHNCXR_0218_0.png,shenzhen,M,24,normal,0
CHNCXR_0219_0.png,shenzhen,M,33,normal,0
CHNCXR_0220_0.png,shenzhen,M,45,normal,0
CHNCXR_0221_0.png,shenzhen,M,29,normal,0
CHNCXR_0222_0.png,shenzhen,M,25,normal,0
CHNCXR_0223_0.png,shenzhen,M,20,normal,0
CHNCXR_0224_0.png,shenzhen,M,25,normal,0
CHNCXR_0225_0.png,shenzhen,M,30,normal,0
CHNCXR_0226_0.png,shenzhen,M,25,normal,0
CHNCXR_0227_0.png,shenzhen,M,50,normal,0
CHNCXR_0229_0.png,shenzhen,F,40,normal,0
CHNCXR_0230_0.png,shenzhen,M,44,normal,0
CHNCXR_0231_0.png,shenzhen,M,33,normal,0
CHNCXR_0232_0.png,shenzhen,M,23,normal,0
CHNCXR_0233_0.png,shenzhen,M,41,normal,0
CHNCXR_0234_0.png,shenzhen,M,23,normal,0
CHNCXR_0235_0.png,shenzhen,F,31,normal,0
CHNCXR_0236_0.png,shenzhen,M,24,normal,0
CHNCXR_0237_0.png,shenzhen,M,34,normal,0
CHNCXR_0238_0.png,shenzhen,M,42,normal,0
CHNCXR_0239_0.png,shenzhen,M,30,normal,0
CHNCXR_0240_0.png,shenzhen,M,26,normal,0
CHNCXR_0241_0.png,shenzhen,F,34,normal,0
CHNCXR_0242_0.png,shenzhen,F,33,normal,0
CHNCXR_0243_0.png,shenzhen,M,27,normal,0
CHNCXR_0244_0.png,shenzhen,F,26,normal,0
CHNCXR_0245_0.png,shenzhen,M,23,normal,0
CHNCXR_0246_0.png,shenzhen,M,35,normal,0
CHNCXR_0247_0.png,shenzhen,F,39,normal,0
CHNCXR_0248_0.png,shenzhen,F,2,normal,0
CHNCXR_0249_0.png,shenzhen,M,31,normal,0
CHNCXR_0250_0.png,shenzhen,M,35,normal,0
CHNCXR_0251_0.png,shenzhen,M,52,normal,0
CHNCXR_0252_0.png,shenzhen,M,25,normal,0
CHNCXR_0253_0.png,shenzhen,M,85,normal,0
CHNCXR_0254_0.png,shenzhen,M,53,normal,0
CHNCXR_0255_0.png,shenzhen,M,33,normal,0
CHNCXR_0256_0.png,shenzhen,F,5,normal,0
CHNCXR_0257_0.png,shenzhen,M,42,normal,0
CHNCXR_0258_0.png,shenzhen,M,30,normal,0
CHNCXR_0259_0.png,shenzhen,M,7,normal,0
CHNCXR_0260_0.png,shenzhen,F,46,normal,0
CHNCXR_0261_0.png,shenzhen,F,25,normal,0
CHNCXR_0262_0.png,shenzhen,M,36,normal,0
CHNCXR_0264_0.png,shenzhen,F,27,normal,0
CHNCXR_0265_0.png,shenzhen,F,6,normal,0
CHNCXR_0266_0.png,shenzhen,M,23,normal,0
CHNCXR_0267_0.png,shenzhen,F,53,normal,0
CHNCXR_0268_0.png,shenzhen,M,33,normal,0
CHNCXR_0269_0.png,shenzhen,M,31,normal,0
CHNCXR_0270_0.png,shenzhen,M,28,normal,0
CHNCXR_0271_0.png,shenzhen,M,26,normal,0
CHNCXR_0272_0.png,shenzhen,F,62,normal,0
CHNCXR_0273_0.png,shenzhen,M,8,normal,0
CHNCXR_0274_0.png,shenzhen,F,64,normal,0
CHNCXR_0275_0.png,shenzhen,M,32,normal,0
CHNCXR_0276_0.png,shenzhen,M,48,normal,0
CHNCXR_0277_0.png,shenzhen,M,47,normal,0
CHNCXR_0278_0.png,shenzhen,M,14,normal,0
CHNCXR_0279_0.png,shenzhen,M,35,normal,0
CHNCXR_0280_0.png,shenzhen,M,29,normal,0
CHNCXR_0281_0.png,shenzhen,M,28,normal,0
CHNCXR_0282_0.png,shenzhen,M,46,normal,0
CHNCXR_0283_0.png,shenzhen,M,25,normal,0
CHNCXR_0284_0.png,shenzhen,M,59,normal,0
CHNCXR_0285_0.png,shenzhen,M,35,normal,0
CHNCXR_0286_0.png,shenzhen,M,64,normal,0
CHNCXR_0287_0.png,shenzhen,F,35,normal,0
CHNCXR_0288_0.png,shenzhen,M,28,normal,0
CHNCXR_0289_0.png,shenzhen,F,21,normal,0
CHNCXR_0290_0.png,shenzhen,M,42,normal,0
CHNCXR_0291_0.png,shenzhen,F,37,normal,0
CHNCXR_0292_0.png,shenzhen,F,28,normal,0
CHNCXR_0293_0.png,shenzhen,M,36,normal,0
CHNCXR_0294_0.png,shenzhen,F,30,normal,0
CHNCXR_0295_0.png,shenzhen,F,52,normal,0
CHNCXR_0296_0.png,shenzhen,F,39,normal,0
CHNCXR_0298_0.png,shenzhen,M,37,normal,0
CHNCXR_0299_0.png,shenzhen,F,5,normal,0
CHNCXR_0300_0.png,shenzhen,M,36,normal,0
CHNCXR_0301_0.png,shenzhen,F,42,normal,0
CHNCXR_0302_0.png,shenzhen,F,28,normal,0
CHNCXR_0303_0.png,shenzhen,M,3,normal,0
CHNCXR_0304_0.png,shenzhen,M,19,normal,0
CHNCXR_0305_0.png,shenzhen,M,24,normal,0
CHNCXR_0306_0.png,shenzhen,M,17,normal,0
CHNCXR_0307_0.png,shenzhen,F,38,normal,0
CHNCXR_0308_0.png,shenzhen,M,32,normal,0
CHNCXR_0309_0.png,shenzhen,F,27,normal,0
CHNCXR_0310_0.png,shenzhen,F,36,normal,0
CHNCXR_0312_0.png,shenzhen,F,47,normal,0
CHNCXR_0313_0.png,shenzhen,M,6,normal,0
CHNCXR_0314_0.png,shenzhen,M,30,normal,0
CHNCXR_0315_0.png,shenzhen,M,30,normal,0
CHNCXR_0316_0.png,shenzhen,F,43,normal,0
CHNCXR_0317_0.png,shenzhen,M,30,normal,0
CHNCXR_0318_0.png,shenzhen,M,25,normal,0
CHNCXR_0319_0.png,shenzhen,F,50,normal,0
CHNCXR_0320_0.png,shenzhen,M,38,normal,0
CHNCXR_0321_0.png,shenzhen,M,30,normal,0
CHNCXR_0322_0.png,shenzhen,M,38,normal,0
CHNCXR_0323_0.png,shenzhen,M,28,normal,0
CHNCXR_0324_0.png,shenzhen,M,32,normal,0
CHNCXR_0325_0.png,shenzhen,M,39,normal,0
CHNCXR_0326_0.png,shenzhen,M,38,normal,0
CHNCXR_0327_1.png,shenzhen,M,28,STB,0
CHNCXR_0328_1.png,shenzhen,F,40,STB,0
CHNCXR_0329_1.png,shenzhen,F,40,TB,0
CHNCXR_0330_1.png,shenzhen,M,32,STB,0
CHNCXR_0331_1.png,shenzhen,F,36,STB,0
CHNCXR_0332_1.png,shenzhen,M,58,STB,0
CHNCXR_0333_1.png,shenzhen,M,32,STB,0
CHNCXR_0334_1.png,shenzhen,M,44,STB,0
CHNCXR_0335_1.png,shenzhen,M,37,STB,0
CHNCXR_0336_1.png,shenzhen,M,30,STB,0
CHNCXR_0337_1.png,shenzhen,M,31,STB,0
CHNCXR_0338_1.png,shenzhen,M,49,STB,0
CHNCXR_0339_1.png,shenzhen,M,24,STB,0
CHNCXR_0340_1.png,shenzhen,M,34,STB,0
CHNCXR_0341_1.png,shenzhen,F,43,STB,0
CHNCXR_0342_1.png,shenzhen,M,27,STB,0
CHNCXR_0343_1.png,shenzhen,M,24,STB,0
CHNCXR_0344_1.png,shenzhen,F,29,STB,0
CHNCXR_0345_1.png,shenzhen,M,40,STB,0
CHNCXR_0346_1.png,shenzhen,F,26,STB,0
CHNCXR_0347_1.png,shenzhen,M,24,PTB,0
CHNCXR_0348_1.png,shenzhen,F,32,Bilateral,0
CHNCXR_0349_1.png,shenzhen,M,46,bilateral,0
CHNCXR_0350_1.png,shenzhen,M,55,PTB,0
CHNCXR_0351_1.png,shenzhen,M,39,secondary,0
CHNCXR_0352_1.png,shenzhen,M,17,secondary,0
CHNCXR_0353_1.png,shenzhen,F,16,PTB,0
CHNCXR_0354_1.png,shenzhen,M,27,PTB,0
CHNCXR_0355_1.png,shenzhen,M,79,bilateral,0
CHNCXR_0356_1.png,shenzhen,F,78,bilateral,0
CHNCXR_0357_1.png,shenzhen,M,49,PTB,0
CHNCXR_0358_1.png,shenzhen,F,39,secondary,0
CHNCXR_0359_1.png,shenzhen,M,24,bilateral,0
CHNCXR_0360_1.png,shenzhen,F,23,Bilateral,0
CHNCXR_0361_1.png,shenzhen,F,49,Bilateral,0
CHNCXR_0362_1.png,shenzhen,M,25,PTB,0
CHNCXR_0363_1.png,shenzhen,F,38,secondary,0
CHNCXR_0364_1.png,shenzhen,M,24,Right,0
CHNCXR_0365_1.png,shenzhen,F,38,Left,0
CHNCXR_0366_1.png,shenzhen,M,33,PTB,0
CHNCXR_0367_1.png,shenzhen,M,27,Old,0
CHNCXR_0368_1.png,shenzhen,F,10,left,0
CHNCXR_0369_1.png,shenzhen,M,39,bilateral,0
CHNCXR_0370_1.png,shenzhen,M,75,bilateral,0
CHNCXR_0371_1.png,shenzhen,M,40,PTB,0
CHNCXR_0372_1.png,shenzhen,M,42,Right,0
CHNCXR_0373_1.png,shenzhen,M,39,PTB,0
CHNCXR_0374_1.png,shenzhen,M,19,PTB,0
CHNCXR_0375_1.png,shenzhen,M,34,left,0
CHNCXR_0376_1.png,shenzhen,M,56,Right,0
CHNCXR_0377_1.png,shenzhen,M,25,PTB,0
CHNCXR_0378_1.png,shenzhen,M,78,Right,0
CHNCXR_0379_1.png,shenzhen,F,28,PTB,0
CHNCXR_0380_1.png,shenzhen,F,55,left,0
CHNCXR_0381_1.png,shenzhen,M,40,left,0
CHNCXR_0382_1.png,shenzhen,M,33,bilateral,0
CHNCXR_0383_1.png,shenzhen,M,58,bilateral,0
CHNCXR_0384_1.png,shenzhen,F,29,bilateral,0
CHNCXR_0385_1.png,shenzhen,M,60,Right,0
CHNCXR_0386_1.png,shenzhen,F,47,secondary,0
CHNCXR_0387_1.png,shenzhen,M,34,Right,0
CHNCXR_0388_1.png,shenzhen,M,18,bilateral,0
CHNCXR_0389_1.png,shenzhen,M,63,Right,0
CHNCXR_0390_1.png,shenzhen,M,25,Right,0
CHNCXR_0391_1.png,shenzhen,F,67,right,0
CHNCXR_0392_1.png,shenzhen,M,28,Right,0
CHNCXR_0393_1.png,shenzhen,F,24,right,0
CHNCXR_0394_1.png,shenzhen,M,45,right,0
CHNCXR_0395_1.png,shenzhen,M,31,bilateral,0
CHNCXR_0396_1.png,shenzhen,M,35,right,0
CHNCXR_0397_1.png,shenzhen,F,32,PTB,0
CHNCXR_0398_1.png,shenzhen,F,33,PTB,0
CHNCXR_0399_1.png,shenzhen,M,81,PTB,0
CHNCXR_0400_1.png,shenzhen,F,28,right,0
CHNCXR_0401_1.png,shenzhen,F,60,bilateral,0
CHNCXR_0402_1.png,shenzhen,M,25,Right,0
CHNCXR_0403_1.png,shenzhen,M,32,bilateral,0
CHNCXR_0404_1.png,shenzhen,M,19,PTB,0
CHNCXR_0405_1.png,shenzhen,M,44,PTB,0
CHNCXR_0406_1.png,shenzhen,F,29,bilateral,0
CHNCXR_0407_1.png,shenzhen,F,28,PTB,0
CHNCXR_0408_1.png,shenzhen,M,30,bilateral,0
CHNCXR_0409_1.png,shenzhen,F,33,PTB,0
CHNCXR_0410_1.png,shenzhen,F,18,secondary,0
CHNCXR_0411_1.png,shenzhen,M,38,left,0
CHNCXR_0412_1.png,shenzhen,F,39,secondary,0
CHNCXR_0413_1.png,shenzhen,F,20,PTB,0
CHNCXR_0414_1.png,shenzhen,M,31,Right,0
CHNCXR_0415_1.png,shenzhen,M,23,PTB,0
CHNCXR_0416_1.png,shenzhen,F,61,PTB,0
CHNCXR_0417_1.png,shenzhen,M,67,PTB,0
CHNCXR_0418_1.png,shenzhen,M,32,PTB,0
CHNCXR_0419_1.png,shenzhen,F,40,secondary,0
CHNCXR_0420_1.png,shenzhen,M,27,secondary,0
CHNCXR_0421_1.png,shenzhen,M,49,PTB,0
CHNCXR_0422_1.png,shenzhen,M,28,PTB,0
CHNCXR_0423_1.png,shenzhen,M,50,Bilateral,0
CHNCXR_0424_1.png,shenzhen,F,35,right,0
CHNCXR_0425_1.png,shenzhen,M,43,Bilateral,0
CHNCXR_0426_1.png,shenzhen,M,33,PTB,0
CHNCXR_0427_1.png,shenzhen,M,24,secondary,0
CHNCXR_0428_1.png,shenzhen,F,39,secondary,0
CHNCXR_0429_1.png,shenzhen,F,27,secondary,0
CHNCXR_0430_1.png,shenzhen,F,48,PTB,0
CHNCXR_0431_1.png,shenzhen,M,24,bilateral,0
CHNCXR_0432_1.png,shenzhen,M,30,Bilateral,0
CHNCXR_0433_1.png,shenzhen,M,26,Right,0
CHNCXR_0434_1.png,shenzhen,M,28,secondary,0
CHNCXR_0435_1.png,shenzhen,M,22,left,0
CHNCXR_0436_1.png,shenzhen,M,21,right,0
CHNCXR_0437_1.png,shenzhen,F,39,PTB,0
CHNCXR_0438_1.png,shenzhen,M,31,left,0
CHNCXR_0439_1.png,shenzhen,M,34,bilateral,0
CHNCXR_0440_1.png,shenzhen,F,31,right,0
CHNCXR_0441_1.png,shenzhen,M,63,right,0
CHNCXR_0442_1.png,shenzhen,M,27,right,0
CHNCXR_0443_1.png,shenzhen,M,36,right,0
CHNCXR_0444_1.png,shenzhen,M,15,left,0
CHNCXR_0445_1.png,shenzhen,M,31,Right,0
CHNCXR_0446_1.png,shenzhen,F,26,Bilateral,0
CHNCXR_0447_1.png,shenzhen,M,56,Bilateral,0
CHNCXR_0448_1.png,shenzhen,F,78,Bilateral,0
CHNCXR_0449_1.png,shenzhen,M,35,Bilateral,0
CHNCXR_0450_1.png,shenzhen,F,22,right,0
CHNCXR_0451_1.png,shenzhen,M,32,right,0
CHNCXR_0452_1.png,shenzhen,F,21,Bilateral,0
CHNCXR_0453_1.png,shenzhen,F,33,right,0
CHNCXR_0454_1.png,shenzhen,M,44,right,0
CHNCXR_0455_1.png,shenzhen,F,78,right,0
CHNCXR_0456_1.png,shenzhen,F,28,bilateral,0
CHNCXR_0457_1.png,shenzhen,F,31,Bilateral,0
CHNCXR_0458_1.png,shenzhen,M,36,Bilateral,0
CHNCXR_0459_1.png,shenzhen,F,59,bilateral,0
CHNCXR_0460_1.png,shenzhen,M,41,left,0
CHNCXR_0461_1.png,shenzhen,M,34,right,0
CHNCXR_0462_1.png,shenzhen,M,29,secondary,0
CHNCXR_0463_1.png,shenzhen,M,29,left,0
CHNCXR_0464_1.png,shenzhen,M,45,Right,0
CHNCXR_0465_1.png,shenzhen,M,24,Bilateral,0
CHNCXR_0466_1.png,shenzhen,F,32,secondary,0
CHNCXR_0467_1.png,shenzhen,F,39,secondary,0
CHNCXR_0468_1.png,shenzhen,F,29,Right,0
CHNCXR_0469_1.png,shenzhen,F,22,bilateral,0
CHNCXR_0470_1.png,shenzhen,F,38,right,0
CHNCXR_0471_1.png,shenzhen,F,31,right,0
CHNCXR_0472_1.png,shenzhen,M,40,Right,0
CHNCXR_0473_1.png,shenzhen,M,32,right,0
CHNCXR_0474_1.png,shenzhen,M,48,bilateral,0
CHNCXR_0475_1.png,shenzhen,M,36,bilateral,0
CHNCXR_0476_1.png,shenzhen,M,56,left,0
CHNCXR_0477_1.png,shenzhen,M,23,left,0
CHNCXR_0478_1.png,shenzhen,F,26,Right,0
CHNCXR_0479_1.png,shenzhen,M,56,PTB,0
CHNCXR_0480_1.png,shenzhen,F,41,PTB,0
CHNCXR_0481_1.png,shenzhen,M,26,bilateral,0
CHNCXR_0482_1.png,shenzhen,F,30,PTB,0
CHNCXR_0483_1.png,shenzhen,M,36,PTB,0
CHNCXR_0484_1.png,shenzhen,F,29,right,0
CHNCXR_0485_1.png,shenzhen,M,34,right,0
CHNCXR_0486_1.png,shenzhen,M,22,PTB,0
CHNCXR_0487_1.png,shenzhen,M,72,Bilateral,0
CHNCXR_0488_1.png,shenzhen,F,43,PTB,0
CHNCXR_0489_1.png,shenzhen,M,22,PTB,0
CHNCXR_0490_1.png,shenzhen,M,27,bilateral,0
CHNCXR_0491_1.png,shenzhen,M,42,bilateral,0
CHNCXR_0492_1.png,shenzhen,F,44,bilateral,0
CHNCXR_0493_1.png,shenzhen,M,40,bilateral,0
CHNCXR_0494_1.png,shenzhen,F,23,secondary,0
CHNCXR_0495_1.png,shenzhen,F,24,Left,0
CHNCXR_0496_1.png,shenzhen,M,72,bilateral,0
CHNCXR_0497_1.png,shenzhen,M,45,bilateral,0
CHNCXR_0498_1.png,shenzhen,M,33,PTB,0
CHNCXR_0499_1.png,shenzhen,M,25,Right,0
CHNCXR_0500_1.png,shenzhen,F,22,bilateral,0
CHNCXR_0501_1.png,shenzhen,M,36,PTB,0
CHNCXR_0502_1.png,shenzhen,M,48,bilateral,0
CHNCXR_0503_1.png,shenzhen,M,25,Right,0
CHNCXR_0504_1.png,shenzhen,M,19,PTB,0
CHNCXR_0505_1.png,shenzhen,M,26,Right,0
CHNCXR_0506_1.png,shenzhen,M,89,bilateral,0
CHNCXR_0507_1.png,shenzhen,F,32,bilateral,0
CHNCXR_0508_1.png,shenzhen,M,51,bilateral,0
CHNCXR_0509_1.png,shenzhen,M,25,Right,0
CHNCXR_0510_1.png,shenzhen,F,25,Right,0
CHNCXR_0511_1.png,shenzhen,M,51,bilateral,0
CHNCXR_0512_1.png,shenzhen,M,65,Right,0
CHNCXR_0513_1.png,shenzhen,M,74,Right,0
CHNCXR_0514_1.png,shenzhen,F,28,bilateral,0
CHNCXR_0515_1.png,shenzhen,M,23,PTB,0
CHNCXR_0516_1.png,shenzhen,M,37,PTB,0
CHNCXR_0517_1.png,shenzhen,F,29,PTB,0
CHNCXR_0518_1.png,shenzhen,M,39,PTB,0
CHNCXR_0519_1.png,shenzhen,M,35,Right,0
CHNCXR_0520_1.png,shenzhen,M,24,PTB,0
CHNCXR_0521_1.png,shenzhen,M,34,PTB,0
CHNCXR_0522_1.png,shenzhen,M,33,bilateral,0
CHNCXR_0523_1.png,shenzhen,M,63,bilateral,0
CHNCXR_0524_1.png,shenzhen,M,63,Right,0
CHNCXR_0525_1.png,shenzhen,M,39,bilateral,0
CHNCXR_0526_1.png,shenzhen,M,63,bilateral,0
CHNCXR_0527_1.png,shenzhen,M,56,bilateral,0
CHNCXR_0528_1.png,shenzhen,F,25,Right,0
CHNCXR_0529_1.png,shenzhen,F,24,bilateral,0
CHNCXR_0530_1.png,shenzhen,M,55,PTB,0
CHNCXR_0531_1.png,shenzhen,F,23,bilateral,0
CHNCXR_0532_1.png,shenzhen,F,45,PTB,0
CHNCXR_0533_1.png,shenzhen,M,57,PTB,0
CHNCXR_0534_1.png,shenzhen,M,21,Right,0
CHNCXR_0535_1.png,shenzhen,M,21,PTB,0
CHNCXR_0536_1.png,shenzhen,F,28,PTB,0
CHNCXR_0537_1.png,shenzhen,M,33,PTB,0
CHNCXR_0538_1.png,shenzhen,M,38,PTB,0
CHNCXR_0539_1.png,shenzhen,M,38,PTB,0
CHNCXR_0540_1.png,shenzhen,M,30,PTB,0
CHNCXR_0541_1.png,shenzhen,M,23,PTB,0
CHNCXR_0542_1.png,shenzhen,F,24,PTB,0
CHNCXR_0543_1.png,shenzhen,M,28,PTB,0
CHNCXR_0544_1.png,shenzhen,M,59,PTB,0
CHNCXR_0545_1.png,shenzhen,M,53,Right,0
CHNCXR_0546_1.png,shenzhen,F,36,bilateral,0
CHNCXR_0547_1.png,shenzhen,M,24,Right,0
CHNCXR_0548_1.png,shenzhen,M,46,PTB,0
CHNCXR_0549_1.png,shenzhen,F,63,bilateral,0
CHNCXR_0550_1.png,shenzhen,M,82,Right,0
CHNCXR_0551_1.png,shenzhen,M,25,Right,0
CHNCXR_0552_1.png,shenzhen,M,45,PTB,0
CHNCXR_0553_1.png,shenzhen,M,22,bilateral,0
CHNCXR_0554_1.png,shenzhen,M,23,Left,0
CHNCXR_0555_1.png,shenzhen,M,22,bilateral,0
CHNCXR_0556_1.png,shenzhen,M,26,bilateral,0
CHNCXR_0557_1.png,shenzhen,M,27,Right,0
CHNCXR_0558_1.png,shenzhen,M,40,bilateral,0
CHNCXR_0559_1.png,shenzhen,M,40,Right,0
CHNCXR_0560_1.png,shenzhen,M,32,bilateral,0
CHNCXR_0561_1.png,shenzhen,M,51,bilateral,0
CHNCXR_0562_1.png,shenzhen,M,33,left,0
CHNCXR_0563_1.png,shenzhen,M,69,left,0
CHNCXR_0564_1.png,shenzhen,F,38,Right,0
CHNCXR_0565_1.png,shenzhen,M,79,bilateral,0
CHNCXR_0566_1.png,shenzhen,M,38,Right,0
CHNCXR_0567_1.png,shenzhen,M,61,bilateral,0
CHNCXR_0568_1.png,shenzhen,M,50,bilateral,0
CHNCXR_0569_1.png,shenzhen,M,51,bilateral,0
CHNCXR_0570_1.png,shenzhen,M,28,bilateral,0
CHNCXR_0571_1.png,shenzhen,F,36,Right,0
CHNCXR_0572_1.png,shenzhen,F,57,bilateral,0
CHNCXR_0573_1.png,shenzhen,M,32,bilateral,0
CHNCXR_0574_1.png,shenzhen,F,35,Right,0
CHNCXR_0575_1.png,shenzhen,F,33,bilateral,0
CHNCXR_0576_1.png,shenzhen,M,63,Right,0
CHNCXR_0577_1.png,shenzhen,F,74,Right,0
CHNCXR_0578_1.png,shenzhen,M,29,Right,0
CHNCXR_0579_1.png,shenzhen,M,24,left,0
CHNCXR_0580_1.png,shenzhen,M,25,left,0
CHNCXR_0581_1.png,shenzhen,M,25,left,0
CHNCXR_0582_1.png,shenzhen,M,44,bilateral,0
CHNCXR_0583_1.png,shenzhen,M,29,Right,0
CHNCXR_0584_1.png,shenzhen,F,22,left,0
CHNCXR_0585_1.png,shenzhen,M,18,left,0
CHNCXR_0586_1.png,shenzhen,F,38,bilateral,0
CHNCXR_0587_1.png,shenzhen,M,34,left,0
CHNCXR_0588_1.png,shenzhen,M,25,secondary,0
CHNCXR_0589_1.png,shenzhen,M,54,bilateral,0
CHNCXR_0590_1.png,shenzhen,M,21,secondary,0
CHNCXR_0591_1.png,shenzhen,M,46,right,0
CHNCXR_0592_1.png,shenzhen,M,55,left,0
CHNCXR_0593_1.png,shenzhen,F,25,secondary,0
CHNCXR_0594_1.png,shenzhen,F,29,bilateral,0
CHNCXR_0595_1.png,shenzhen,F,22,right,0
CHNCXR_0596_1.png,shenzhen,M,46,bilateral,0
CHNCXR_0597_1.png,shenzhen,M,36,Right,0
CHNCXR_0598_1.png,shenzhen,F,15,bilateral,0
CHNCXR_0599_1.png,shenzhen,M,39,Right,0
CHNCXR_0600_1.png,shenzhen,M,23,bilateral,0
CHNCXR_0601_1.png,shenzhen,F,58,left,0
CHNCXR_0602_1.png,shenzhen,M,42,bilateral,0
CHNCXR_0603_1.png,shenzhen,M,60,bilateral,0
CHNCXR_0604_1.png,shenzhen,M,35,Right,0
CHNCXR_0605_1.png,shenzhen,M,23,left,0
CHNCXR_0606_1.png,shenzhen,F,78,bilateral,0
CHNCXR_0607_1.png,shenzhen,M,17,left,0
CHNCXR_0608_1.png,shenzhen,M,37,left,0
CHNCXR_0609_1.png,shenzhen,M,26,PTB,0
CHNCXR_0610_1.png,shenzhen,F,53,Bilateral,0
CHNCXR_0611_1.png,shenzhen,F,20,PTB,0
CHNCXR_0612_1.png,shenzhen,M,42,right,0
CHNCXR_0613_1.png,shenzhen,F,30,Old,0
CHNCXR_0614_1.png,shenzhen,F,32,PTB,0
CHNCXR_0615_1.png,shenzhen,F,40,PTB,0
CHNCXR_0616_1.png,shenzhen,M,54,PTB,0
CHNCXR_0617_1.png,shenzhen,M,49,Right,0
CHNCXR_0618_1.png,shenzhen,M,25,bilateral,0
CHNCXR_0619_1.png,shenzhen,F,38,PTB,0
CHNCXR_0620_1.png,shenzhen,M,37,PTB,0
CHNCXR_0621_1.png,shenzhen,M,42,Right,0
CHNCXR_0622_1.png,shenzhen,F,49,left,0
CHNCXR_0623_1.png,shenzhen,F,39,PTB,0
CHNCXR_0624_1.png,shenzhen,F,76,PTB,0
CHNCXR_0625_1.png,shenzhen,M,30,PTB,0
CHNCXR_0626_1.png,shenzhen,M,49,PTB,0
CHNCXR_0627_1.png,shenzhen,F,26,secondary,0
CHNCXR_0628_1.png,shenzhen,M,27,secondary,0
CHNCXR_0629_1.png,shenzhen,M,62,Bilateral,0
CHNCXR_0630_1.png,shenzhen,M,2,secondary,0
CHNCXR_0631_1.png,shenzhen,F,28,secondary,0
CHNCXR_0632_1.png,shenzhen,F,30,PTB,0
CHNCXR_0634_1.png,shenzhen,M,28,secondary,0
CHNCXR_0635_1.png,shenzhen,M,65,bilateral,0
CHNCXR_0637_1.png,shenzhen,M,44,bilateral,0
CHNCXR_0638_1.png,shenzhen,F,36,Bilateral,0
CHNCXR_0639_1.png,shenzhen,F,28,bilateral,0
CHNCXR_0640_1.png,shenzhen,M,38,Bilateral,0
CHNCXR_0641_1.png,shenzhen,F,28,left,0
CHNCXR_0642_1.png,shenzhen,F,43,secondary,0
CHNCXR_0643_1.png,shenzhen,M,43,secondary,0
CHNCXR_0644_1.png,shenzhen,F,44,secondary,0
CHNCXR_0645_1.png,shenzhen,M,27,Left,0
CHNCXR_0646_1.png,shenzhen,M,31,secondary,0
CHNCXR_0647_1.png,shenzhen,M,38,secondary,0
CHNCXR_0648_1.png,shenzhen,M,26,bilateral,0
CHNCXR_0649_1.png,shenzhen,M,29,bilateral,0
CHNCXR_0650_1.png,shenzhen,M,50,secondary,0
CHNCXR_0651_1.png,shenzhen,F,49,Right,0
CHNCXR_0652_1.png,shenzhen,M,51,secondary,0
CHNCXR_0653_1.png,shenzhen,M,69,bilateral,0
CHNCXR_0654_1.png,shenzhen,M,28,Right,0
CHNCXR_0655_1.png,shenzhen,M,33,secondary,0
CHNCXR_0656_1.png,shenzhen,F,35,secondary,0
CHNCXR_0657_1.png,shenzhen,M,31,Right,0
CHNCXR_0658_1.png,shenzhen,M,41,bilateral,0
CHNCXR_0659_1.png,shenzhen,M,33,secondary,0
CHNCXR_0660_1.png,shenzhen,M,50,bilateral,0
CHNCXR_0661_1.png,shenzhen,M,26,bilateral,0
CHNCXR_0662_1.png,shenzhen,M,32,secondary,0
